Texteingaben : Proben-beschriftung;"dpp-PUL6-2"
Allgemein : Startdatum;16.08.2018 16:15:53
Abmessung : Querschnitt;3,45000;mm^2

Zeit;Traversenweg;Last;Dehnung 1;Zugspannung
(sec);(mm);(kN);(%);(MPa)
0,00000;0,0000;0,089;0,00021;25,67
0,10000;0,0002;0,085;0,00026;24,76
0,20000;0,0010;0,088;0,00035;25,37
0,30000;0,0025;0,091;0,00050;26,39
0,40000;0,0054;0,101;0,00199;29,41
0,50000;0,0078;0,120;0,00342;34,70
0,60000;0,0099;0,137;0,00475;39,57
0,70000;0,0117;0,147;0,00579;42,73
0,80000;0,0133;0,155;0,00673;45,01
0,90000;0,0149;0,164;0,00762;47,52
1,00000;0,0164;0,172;0,00853;49,89
1,10000;0,0182;0,178;0,00959;51,56
1,20000;0,0200;0,184;0,01067;53,20
1,30000;0,0217;0,190;0,01168;55,12
1,40000;0,0232;0,193;0,01259;55,89
1,50000;0,0250;0,196;0,01353;56,82
1,60000;0,0265;0,198;0,01455;57,36
1,70000;0,0281;0,200;0,01542;57,97
1,80000;0,0299;0,202;0,01648;58,59
1,90000;0,0318;0,204;0,01761;59,17
2,00000;0,0333;0,206;0,01853;59,65
2,10000;0,0350;0,207;0,01953;60,02
2,20000;0,0365;0,209;0,02051;60,63
2,30000;0,0381;0,211;0,02146;61,08
2,40000;0,0398;0,211;0,02232;61,15
2,50000;0,0417;0,213;0,02346;61,78
2,60000;0,0433;0,214;0,02445;62,02
2,70000;0,0449;0,215;0,02540;62,38
2,80000;0,0466;0,217;0,02642;62,89
2,90000;0,0481;0,219;0,02735;63,61
3,00000;0,0498;0,221;0,02826;63,94
3,10000;0,0516;0,221;0,02941;64,19
3,20000;0,0534;0,224;0,03040;64,83
3,30000;0,0549;0,224;0,03140;65,03
3,40000;0,0567;0,227;0,03237;65,70
3,50000;0,0583;0,228;0,03325;66,22
3,60000;0,0598;0,232;0,03419;67,17
3,70000;0,0615;0,237;0,03521;68,58
3,80000;0,0634;0,240;0,03623;69,67
3,90000;0,0650;0,247;0,03726;71,67
4,00000;0,0667;0,255;0,03828;73,82
4,10000;0,0683;0,263;0,03921;76,30
4,20000;0,0698;0,267;0,04011;77,46
4,30000;0,0714;0,279;0,04098;80,80
4,40000;0,0733;0,285;0,04205;82,51
4,50000;0,0751;0,293;0,04315;85,05
4,60000;0,0767;0,300;0,04405;86,96
4,70000;0,0782;0,309;0,04501;89,63
4,80000;0,0799;0,316;0,04593;91,68
4,90000;0,0815;0,318;0,04692;92,24
5,00000;0,0832;0,325;0,04778;94,11
5,10000;0,0851;0,329;0,04893;95,32
5,20000;0,0867;0,334;0,04990;96,74
5,30000;0,0883;0,340;0,05078;98,58
5,40000;0,0899;0,344;0,05178;99,57
5,50000;0,0916;0,347;0,05272;100,62
5,60000;0,0931;0,353;0,05361;102,21
5,70000;0,0949;0,356;0,05466;103,17
5,80000;0,0967;0,361;0,05571;104,73
5,90000;0,0983;0,367;0,05671;106,25
6,00000;0,0999;0,371;0,05763;107,51
6,10000;0,1015;0,378;0,05857;109,47
6,20000;0,1031;0,383;0,05957;111,07
6,30000;0,1049;0,387;0,06056;112,26
6,40000;0,1067;0,395;0,06163;114,53
6,50000;0,1084;0,401;0,06257;116,37
6,60000;0,1099;0,407;0,06352;117,93
6,70000;0,1116;0,414;0,06448;120,10
6,80000;0,1132;0,421;0,06543;122,02
6,90000;0,1148;0,429;0,06629;124,48
7,00000;0,1167;0,435;0,06733;126,20
7,10000;0,1184;0,444;0,06842;128,56
7,20000;0,1200;0,447;0,06934;129,67
7,30000;0,1216;0,452;0,07023;130,99
7,40000;0,1232;0,458;0,07120;132,62
7,50000;0,1247;0,461;0,07215;133,50
7,60000;0,1265;0,465;0,07307;134,79
7,70000;0,1284;0,469;0,07417;135,91
7,80000;0,1300;0,471;0,07514;136,54
7,90000;0,1317;0,472;0,07603;136,75
8,00000;0,1333;0,474;0,07709;137,50
8,10000;0,1348;0,477;0,07804;138,14
8,20000;0,1365;0,479;0,07890;138,86
8,30000;0,1383;0,480;0,08002;138,99
8,40000;0,1401;0,483;0,08102;140,04
8,50000;0,1416;0,485;0,08190;140,44
8,60000;0,1433;0,485;0,08279;140,52
8,70000;0,1448;0,487;0,08371;141,10
8,80000;0,1464;0,489;0,08463;141,81
8,90000;0,1483;0,492;0,08566;142,58
9,00000;0,1501;0,494;0,08682;143,18
9,10000;0,1516;0,497;0,08769;144,02
9,20000;0,1533;0,500;0,08869;145,06
9,30000;0,1549;0,503;0,08959;145,73
9,40000;0,1564;0,509;0,09036;147,43
9,50000;0,1582;0,513;0,09129;148,59
9,60000;0,1601;0,515;0,09244;149,20
9,70000;0,1617;0,522;0,09342;151,31
9,80000;0,1633;0,527;0,09429;152,72
9,90000;0,1650;0,534;0,09534;154,67
10,00000;0,1665;0,539;0,09617;156,36
10,10000;0,1681;0,543;0,09709;157,44
10,20000;0,1700;0,551;0,09801;159,62
10,30000;0,1717;0,560;0,09911;162,34
10,40000;0,1733;0,565;0,09993;163,73
10,50000;0,1750;0,573;0,10087;166,02
10,60000;0,1766;0,580;0,10184;168,26
10,70000;0,1781;0,592;0,10272;171,52
10,80000;0,1798;0,599;0,10362;173,76
10,90000;0,1817;0,607;0,10469;175,82
11,00000;0,1833;0,618;0,10569;179,03
11,10000;0,1850;0,621;0,10658;180,10
11,20000;0,1866;0,629;0,10752;182,27
11,30000;0,1882;0,633;0,10837;183,44
11,40000;0,1898;0,637;0,10927;184,67
11,50000;0,1916;0,642;0,11017;186,13
11,60000;0,1933;0,645;0,11131;187,06
11,70000;0,1950;0,650;0,11225;188,39
11,80000;0,1966;0,656;0,11324;190,06
11,90000;0,1981;0,659;0,11421;191,15
12,00000;0,1998;0,663;0,11502;192,15
12,10000;0,2016;0,666;0,11599;193,15
12,20000;0,2034;0,672;0,11710;194,70
12,30000;0,2050;0,675;0,11799;195,58
12,40000;0,2066;0,680;0,11891;197,15
12,50000;0,2083;0,683;0,11993;198,09
12,60000;0,2098;0,687;0,12076;199,25
12,70000;0,2115;0,694;0,12173;201,09
12,80000;0,2134;0,695;0,12274;201,51
12,90000;0,2150;0,702;0,12367;203,61
13,00000;0,2166;0,707;0,12457;204,81
13,10000;0,2183;0,711;0,12548;205,98
13,20000;0,2199;0,720;0,12645;208,67
13,30000;0,2214;0,725;0,12735;210,14
13,40000;0,2232;0,733;0,12829;212,58
13,50000;0,2251;0,743;0,12936;215,48
13,60000;0,2267;0,750;0,13025;217,32
13,70000;0,2283;0,759;0,13115;220,03
13,80000;0,2299;0,767;0,13211;222,41
13,90000;0,2315;0,770;0,13295;223,22
14,00000;0,2332;0,776;0,13385;224,94
14,10000;0,2350;0,781;0,13492;226,47
14,20000;0,2368;0,786;0,13594;227,76
14,30000;0,2383;0,787;0,13685;228,09
14,40000;0,2399;0,790;0,13770;228,99
14,50000;0,2415;0,792;0,13866;229,43
14,60000;0,2431;0,792;0,13954;229,71
14,70000;0,2449;0,794;0,14055;230,08
14,80000;0,2467;0,796;0,14157;230,58
14,90000;0,2483;0,798;0,14254;231,22
15,00000;0,2500;0,798;0,14342;231,34
15,10000;0,2516;0,800;0,14436;231,83
15,20000;0,2531;0,802;0,14520;232,35
15,30000;0,2549;0,804;0,14604;232,98
15,40000;0,2567;0,806;0,14715;233,54
15,50000;0,2584;0,808;0,14816;234,22
15,60000;0,2600;0,812;0,14897;235,24
15,70000;0,2616;0,814;0,14988;236,07
15,80000;0,2631;0,816;0,15081;236,55
15,90000;0,2647;0,819;0,15154;237,50
16,00000;0,2666;0,822;0,15261;238,28
16,10000;0,2684;0,824;0,15369;238,90
16,20000;0,2699;0,827;0,15459;239,66
16,30000;0,2716;0,829;0,15541;240,32
16,40000;0,2732;0,831;0,15634;240,99
16,50000;0,2747;0,834;0,15727;241,64
16,60000;0,2766;0,837;0,15820;242,59
16,70000;0,2785;0,839;0,15927;243,32
16,80000;0,2800;0,843;0,16020;244,37
16,90000;0,2816;0,847;0,16106;245,49
17,00000;0,2833;0,853;0,16205;247,37
17,10000;0,2848;0,856;0,16296;248,24
17,20000;0,2865;0,863;0,16383;250,15
17,30000;0,2883;0,873;0,16475;252,92
17,40000;0,2900;0,877;0,16576;254,30
17,50000;0,2916;0,886;0,16667;256,92
17,60000;0,2933;0,892;0,16768;258,57
17,70000;0,2949;0,898;0,16861;260,26
17,80000;0,2964;0,905;0,16939;262,24
17,90000;0,2982;0,908;0,17044;263,17
18,00000;0,3001;0,917;0,17144;265,76
18,10000;0,3016;0,920;0,17233;266,72
18,20000;0,3033;0,925;0,17329;268,02
18,30000;0,3049;0,932;0,17420;270,24
18,40000;0,3065;0,937;0,17502;271,55
18,50000;0,3081;0,942;0,17593;273,07
18,60000;0,3101;0,947;0,17704;274,58
18,70000;0,3117;0,958;0,17802;277,72
18,80000;0,3133;0,962;0,17882;278,98
18,90000;0,3149;0,971;0,17977;281,32
19,00000;0,3164;0,977;0,18060;283,04
19,10000;0,3181;0,985;0,18154;285,40
19,20000;0,3199;0,994;0,18254;288,18
19,30000;0,3217;1,004;0,18356;291,04
19,40000;0,3234;1,012;0,18449;293,24
19,50000;0,3250;1,018;0,18530;294,96
19,60000;0,3266;1,024;0,18620;296,88
19,70000;0,3281;1,032;0,18707;299,04
19,80000;0,3299;1,039;0,18797;301,18
19,90000;0,3318;1,048;0,18908;303,77
20,00000;0,3333;1,061;0,19004;307,47
20,10000;0,3349;1,067;0,19087;309,17
20,20000;0,3365;1,076;0,19169;311,77
20,30000;0,3381;1,080;0,19263;313,17
20,40000;0,3398;1,089;0,19355;315,51
20,50000;0,3416;1,097;0,19453;317,93
20,60000;0,3433;1,101;0,19562;319,05
20,70000;0,3450;1,103;0,19645;319,82
20,80000;0,3466;1,108;0,19733;321,14
20,90000;0,3483;1,111;0,19828;322,14
21,00000;0,3498;1,113;0,19917;322,66
21,10000;0,3516;1,115;0,20006;323,33
21,20000;0,3534;1,118;0,20108;324,06
21,30000;0,3551;1,119;0,20201;324,42
21,40000;0,3566;1,122;0,20293;325,24
21,50000;0,3583;1,122;0,20382;325,31
21,60000;0,3598;1,123;0,20464;325,51
21,70000;0,3614;1,126;0,20551;326,25
21,80000;0,3633;1,127;0,20651;326,58
21,90000;0,3651;1,128;0,20759;327,01
22,00000;0,3667;1,130;0,20835;327,48
22,10000;0,3683;1,132;0,20932;327,98
22,20000;0,3699;1,133;0,21021;328,42
22,30000;0,3714;1,135;0,21106;329,00
22,40000;0,3732;1,138;0,21200;329,74
22,50000;0,3750;1,142;0,21299;330,88
22,60000;0,3767;1,143;0,21389;331,22
22,70000;0,3782;1,147;0,21473;332,50
22,80000;0,3800;1,150;0,21568;333,29
22,90000;0,3815;1,153;0,21660;334,13
23,00000;0,3831;1,156;0,21746;335,07
23,10000;0,3850;1,158;0,21845;335,79
23,20000;0,3867;1,164;0,21943;337,32
23,30000;0,3883;1,167;0,22031;338,29
23,40000;0,3900;1,172;0,22125;339,67
23,50000;0,3915;1,175;0,22213;340,61
23,60000;0,3930;1,178;0,22301;341,32
23,70000;0,3949;1,183;0,22400;342,98
23,80000;0,3968;1,192;0,22504;345,41
23,90000;0,3983;1,197;0,22589;347,10
24,00000;0,3999;1,205;0,22669;349,32
24,10000;0,4016;1,210;0,22767;350,84
24,20000;0,4031;1,217;0,22850;352,67
24,30000;0,4048;1,224;0,22940;354,77
24,40000;0,4067;1,227;0,23039;355,70
24,50000;0,4083;1,233;0,23133;357,47
24,60000;0,4099;1,240;0,23215;359,48
24,70000;0,4116;1,244;0,23310;360,64
24,80000;0,4131;1,249;0,23395;362,15
24,90000;0,4148;1,252;0,23484;362,99
25,00000;0,4166;1,258;0,23578;364,71
25,10000;0,4184;1,264;0,23682;366,42
25,20000;0,4200;1,268;0,23778;367,65
25,30000;0,4217;1,274;0,23861;369,30
25,40000;0,4233;1,279;0,23948;370,84
25,50000;0,4248;1,283;0,24029;371,99
25,60000;0,4265;1,289;0,24118;373,55
25,70000;0,4284;1,292;0,24220;374,47
25,80000;0,4300;1,297;0,24325;376,03
25,90000;0,4316;1,299;0,24414;376,56
26,00000;0,4332;1,305;0,24496;378,23
26,10000;0,4348;1,311;0,24582;379,89
26,20000;0,4365;1,314;0,24663;380,97
26,30000;0,4383;1,319;0,24758;382,36
26,40000;0,4401;1,326;0,24862;384,33
26,50000;0,4416;1,334;0,24949;386,72
26,60000;0,4433;1,339;0,25037;388,01
26,70000;0,4449;1,346;0,25125;390,22
26,80000;0,4464;1,354;0,25206;392,56
26,90000;0,4483;1,358;0,25309;393,60
27,00000;0,4501;1,366;0,25412;395,93
27,10000;0,4516;1,373;0,25498;398,10
27,20000;0,4533;1,376;0,25591;398,98
27,30000;0,4549;1,380;0,25675;399,93
27,40000;0,4564;1,383;0,25758;400,82
27,50000;0,4581;1,387;0,25840;401,95
27,60000;0,4599;1,390;0,25939;402,97
27,70000;0,4617;1,396;0,26041;404,66
27,80000;0,4633;1,398;0,26123;405,34
27,90000;0,4649;1,403;0,26219;406,68
28,00000;0,4666;1,407;0,26305;407,77
28,10000;0,4682;1,410;0,26392;408,56
28,20000;0,4699;1,415;0,26484;410,18
28,30000;0,4717;1,420;0,26579;411,54
28,40000;0,4733;1,426;0,26670;413,45
28,50000;0,4750;1,429;0,26751;414,13
28,60000;0,4766;1,432;0,26843;414,93
28,70000;0,4781;1,436;0,26924;416,23
28,80000;0,4797;1,440;0,27019;417,48
28,90000;0,4817;1,448;0,27112;419,83
29,00000;0,4834;1,451;0,27222;420,56
29,10000;0,4850;1,457;0,27301;422,35
29,20000;0,4866;1,459;0,27387;423,00
29,30000;0,4881;1,464;0,27475;424,21
29,40000;0,4898;1,467;0,27549;425,26
29,50000;0,4915;1,469;0,27654;425,75
29,60000;0,4935;1,476;0,27758;427,85
29,70000;0,4950;1,477;0,27843;428,25
29,80000;0,4966;1,482;0,27934;429,55
29,90000;0,4983;1,485;0,28020;430,54
30,00000;0,4998;1,489;0,28105;431,70
30,10000;0,5016;1,494;0,28195;433,14
30,20000;0,5034;1,502;0,28294;435,44
30,30000;0,5050;1,505;0,28382;436,25
30,40000;0,5066;1,514;0,28463;438,70
30,50000;0,5083;1,520;0,28562;440,62
30,60000;0,5099;1,526;0,28642;442,38
30,70000;0,5114;1,534;0,28721;444,52
30,80000;0,5133;1,542;0,28821;446,95
30,90000;0,5151;1,546;0,28918;448,15
31,00000;0,5167;1,551;0,29005;449,46
31,10000;0,5183;1,556;0,29087;451,07
31,20000;0,5199;1,560;0,29173;452,05
31,30000;0,5214;1,563;0,29264;452,96
31,40000;0,5232;1,569;0,29347;454,88
31,50000;0,5251;1,576;0,29456;456,75
31,60000;0,5267;1,579;0,29551;457,78
31,70000;0,5282;1,586;0,29635;459,64
31,80000;0,5299;1,593;0,29722;461,63
31,90000;0,5315;1,595;0,29809;462,40
32,00000;0,5332;1,603;0,29893;464,51
32,10000;0,5350;1,610;0,29997;466,59
32,20000;0,5367;1,615;0,30100;468,21
32,30000;0,5383;1,621;0,30176;469,90
32,40000;0,5400;1,627;0,30271;471,53
32,50000;0,5415;1,629;0,30357;472,12
32,60000;0,5431;1,632;0,30433;472,91
32,70000;0,5449;1,636;0,30533;474,09
32,80000;0,5468;1,641;0,30633;475,59
32,90000;0,5483;1,645;0,30719;476,73
33,00000;0,5499;1,649;0,30792;478,04
33,10000;0,5515;1,654;0,30890;479,52
33,20000;0,5531;1,660;0,30969;481,20
33,30000;0,5548;1,663;0,31055;481,98
33,40000;0,5567;1,672;0,31165;484,73
33,50000;0,5584;1,680;0,31254;487,02
33,60000;0,5599;1,684;0,31335;488,17
33,70000;0,5616;1,689;0,31424;489,59
33,80000;0,5631;1,693;0,31509;490,73
33,90000;0,5648;1,697;0,31587;491,97
34,00000;0,5667;1,700;0,31694;492,88
34,10000;0,5684;1,703;0,31791;493,70
34,20000;0,5700;1,707;0,31877;494,78
34,30000;0,5716;1,707;0,31956;494,91
34,40000;0,5732;1,713;0,32053;496,55
34,50000;0,5747;1,717;0,32123;497,57
34,60000;0,5765;1,718;0,32213;498,02
34,70000;0,5783;1,720;0,32317;498,67
34,80000;0,5800;1,724;0,32409;499,67
34,90000;0,5816;1,726;0,32494;500,22
35,00000;0,5833;1,728;0,32586;500,81
35,10000;0,5848;1,730;0,32673;501,39
35,20000;0,5865;1,732;0,32755;501,90
35,30000;0,5883;1,734;0,32859;502,59
35,40000;0,5900;1,735;0,32940;502,89
35,50000;0,5916;1,736;0,33030;503,31
35,60000;0,5933;1,739;0,33122;503,93
35,70000;0,5949;1,738;0,33201;503,77
35,80000;0,5965;1,739;0,33283;504,14
35,90000;0,5983;1,742;0,33370;504,93
36,00000;0,6001;1,743;0,33475;505,21
36,10000;0,6016;1,746;0,33566;506,22
36,20000;0,6033;1,749;0,33639;507,07
36,30000;0,6049;1,751;0,33733;507,51
36,40000;0,6064;1,754;0,33812;508,28
36,50000;0,6081;1,757;0,33896;509,30
36,60000;0,6100;1,763;0,33997;511,06
36,70000;0,6118;1,771;0,34096;513,22
36,80000;0,6133;1,775;0,34175;514,63
36,90000;0,6149;1,783;0,34251;516,87
37,00000;0,6165;1,792;0,34339;519,52
37,10000;0,6181;1,801;0,34424;521,96
37,20000;0,6199;1,812;0,34513;525,09
37,30000;0,6217;1,819;0,34608;527,31
37,40000;0,6233;1,830;0,34695;530,46
37,50000;0,6249;1,837;0,34777;532,42
37,60000;0,6265;1,846;0,34862;534,98
37,70000;0,6281;1,852;0,34953;536,94
37,80000;0,6298;1,862;0,35032;539,57
37,90000;0,6317;1,868;0,35127;541,55
38,00000;0,6333;1,873;0,35220;542,80
38,10000;0,6350;1,882;0,35297;545,41
38,20000;0,6366;1,884;0,35395;546,07
38,30000;0,6383;1,891;0,35473;548,21
38,40000;0,6398;1,895;0,35558;549,14
38,50000;0,6416;1,903;0,35648;551,64
38,60000;0,6434;1,910;0,35747;553,60
38,70000;0,6450;1,916;0,35834;555,41
38,80000;0,6466;1,921;0,35920;556,74
38,90000;0,6482;1,926;0,36002;558,26
39,00000;0,6498;1,932;0,36086;560,03
39,10000;0,6515;1,941;0,36168;562,53
39,20000;0,6533;1,945;0,36265;563,83
39,30000;0,6551;1,952;0,36366;565,91
39,40000;0,6566;1,957;0,36436;567,30
39,50000;0,6583;1,964;0,36526;569,29
39,60000;0,6599;1,973;0,36616;571,80
39,70000;0,6615;1,979;0,36704;573,70
39,80000;0,6632;1,986;0,36788;575,70
39,90000;0,6651;1,994;0,36888;578,08
40,00000;0,6667;1,999;0,36968;579,49
40,10000;0,6682;2,007;0,37050;581,75
40,20000;0,6699;2,012;0,37132;583,19
40,30000;0,6714;2,015;0,37216;584,17
40,40000;0,6732;2,021;0,37297;585,67
40,50000;0,6750;2,026;0,37403;587,17
40,60000;0,6767;2,027;0,37492;587,61
40,70000;0,6783;2,031;0,37576;588,66
40,80000;0,6800;2,033;0,37665;589,40
40,90000;0,6815;2,037;0,37734;590,52
41,00000;0,6831;2,039;0,37817;591,08
41,10000;0,6850;2,042;0,37916;591,86
41,20000;0,6868;2,045;0,38011;592,85
41,30000;0,6883;2,047;0,38088;593,31
41,40000;0,6900;2,051;0,38182;594,49
41,50000;0,6916;2,053;0,38260;595,17
41,60000;0,6931;2,053;0,38339;595,21
41,70000;0,6948;2,056;0,38421;595,95
41,80000;0,6967;2,059;0,38513;596,79
41,90000;0,6983;2,059;0,38602;596,95
42,00000;0,6999;2,062;0,38680;597,61
42,10000;0,7016;2,062;0,38766;597,73
42,20000;0,7032;2,063;0,38849;597,85
42,30000;0,7048;2,063;0,38934;598,10
42,40000;0,7066;2,064;0,39021;598,21
42,50000;0,7084;2,064;0,39118;598,33
42,60000;0,7100;2,064;0,39194;598,34
42,70000;0,7116;2,065;0,39277;598,67
42,80000;0,7133;2,066;0,39359;598,98
42,90000;0,7148;2,068;0,39441;599,33
43,00000;0,7165;2,069;0,39523;599,65
43,10000;0,7184;2,072;0,39622;600,46
43,20000;0,7200;2,075;0,39715;601,45
43,30000;0,7216;2,079;0,39791;602,51
43,40000;0,7232;2,086;0,39883;604,53
43,50000;0,7248;2,088;0,39958;605,10
43,60000;0,7264;2,097;0,40048;607,82
43,70000;0,7284;2,105;0,40139;610,25
43,80000;0,7301;2,112;0,40223;612,09
43,90000;0,7316;2,119;0,40311;614,11
44,00000;0,7333;2,126;0,40394;616,29
44,10000;0,7349;2,134;0,40472;618,44
44,20000;0,7365;2,138;0,40549;619,71
44,30000;0,7383;2,145;0,40648;621,68
44,40000;0,7400;2,149;0,40739;622,99
44,50000;0,7416;2,157;0,40827;625,32
44,60000;0,7433;2,160;0,40895;626,11
44,70000;0,7449;2,164;0,40987;627,22
44,80000;0,7464;2,166;0,41066;627,93
44,90000;0,7481;2,174;0,41153;630,02
45,00000;0,7500;2,179;0,41252;631,71
45,10000;0,7517;2,183;0,41333;632,68
45,20000;0,7533;2,187;0,41423;634,02
45,30000;0,7550;2,195;0,41503;636,34
45,40000;0,7566;2,200;0,41586;637,82
45,50000;0,7581;2,204;0,41661;638,72
45,60000;0,7599;2,211;0,41742;640,74
45,70000;0,7617;2,214;0,41840;641,79
45,80000;0,7633;2,220;0,41920;643,43
45,90000;0,7649;2,226;0,42004;645,29
46,00000;0,7666;2,228;0,42087;645,89
46,10000;0,7681;2,232;0,42159;647,10
46,20000;0,7698;2,238;0,42242;648,65
46,30000;0,7717;2,246;0,42336;651,02
46,40000;0,7734;2,254;0,42421;653,32
46,50000;0,7749;2,266;0,42507;656,84
46,60000;0,7767;2,274;0,42595;659,14
46,70000;0,7782;2,281;0,42672;661,04
46,80000;0,7798;2,289;0,42751;663,47
46,90000;0,7817;2,299;0,42837;666,41
47,00000;0,7835;2,308;0,42939;669,13
47,10000;0,7850;2,314;0,43013;670,75
47,20000;0,7867;2,319;0,43096;672,21
47,30000;0,7882;2,326;0,43171;674,26
47,40000;0,7897;2,332;0,43247;675,86
47,50000;0,7915;2,334;0,43333;676,67
47,60000;0,7933;2,341;0,43426;678,64
47,70000;0,7950;2,344;0,43508;679,51
47,80000;0,7966;2,348;0,43587;680,58
47,90000;0,7983;2,351;0,43671;681,59
48,00000;0,7998;2,356;0,43756;682,96
48,10000;0,8015;2,362;0,43824;684,72
48,20000;0,8033;2,364;0,43916;685,25
48,30000;0,8051;2,368;0,44015;686,44
48,40000;0,8066;2,372;0,44095;687,57
48,50000;0,8083;2,373;0,44166;687,80
48,60000;0,8098;2,378;0,44249;689,19
48,70000;0,8114;2,380;0,44329;689,85
48,80000;0,8131;2,382;0,44413;690,50
48,90000;0,8150;2,384;0,44508;691,12
49,00000;0,8166;2,387;0,44593;691,98
49,10000;0,8183;2,390;0,44679;692,78
49,20000;0,8199;2,391;0,44748;693,03
49,30000;0,8214;2,393;0,44835;693,73
49,40000;0,8232;2,396;0,44915;694,51
49,50000;0,8250;2,400;0,45007;695,59
49,60000;0,8267;2,401;0,45100;696,06
49,70000;0,8283;2,407;0,45173;697,57
49,80000;0,8300;2,410;0,45261;698,43
49,90000;0,8316;2,415;0,45334;699,99
50,00000;0,8331;2,419;0,45407;701,10
50,10000;0,8349;2,426;0,45502;703,05
50,20000;0,8368;2,433;0,45594;705,24
50,30000;0,8383;2,438;0,45679;706,71
50,40000;0,8399;2,446;0,45749;709,11
50,50000;0,8415;2,452;0,45838;710,82
50,60000;0,8431;2,462;0,45912;713,68
50,70000;0,8448;2,469;0,45987;715,56
50,80000;0,8467;2,475;0,46089;717,51
50,90000;0,8484;2,486;0,46173;720,48
51,00000;0,8500;2,489;0,46251;721,55
51,10000;0,8516;2,496;0,46329;723,40
51,20000;0,8532;2,501;0,46409;724,80
51,30000;0,8548;2,505;0,46481;726,00
51,40000;0,8566;2,509;0,46567;727,26
51,50000;0,8584;2,512;0,46660;728,17
51,60000;0,8600;2,516;0,46743;729,26
51,70000;0,8616;2,519;0,46814;730,27
51,80000;0,8632;2,521;0,46893;730,61
51,90000;0,8648;2,523;0,46978;731,39
52,00000;0,8665;2,525;0,47058;731,81
52,10000;0,8684;2,528;0,47145;732,89
52,20000;0,8700;2,531;0,47232;733,58
52,30000;0,8717;2,532;0,47315;733,86
52,40000;0,8733;2,535;0,47396;734,66
52,50000;0,8749;2,537;0,47469;735,35
52,60000;0,8765;2,542;0,47546;736,80
52,70000;0,8783;2,545;0,47632;737,55
52,80000;0,8801;2,550;0,47720;739,11
52,90000;0,8816;2,557;0,47798;741,03
53,00000;0,8833;2,561;0,47874;742,45
53,10000;0,8849;2,568;0,47962;744,39
53,20000;0,8865;2,577;0,48030;746,90
53,30000;0,8882;2,582;0,48113;748,38
53,40000;0,8900;2,592;0,48210;751,28
53,50000;0,8917;2,597;0,48288;752,81
53,60000;0,8933;2,603;0,48370;754,61
53,70000;0,8950;2,610;0,48446;756,47
53,80000;0,8965;2,614;0,48526;757,79
53,90000;0,8981;2,619;0,48600;759,22
54,00000;0,9000;2,625;0,48692;760,86
54,10000;0,9018;2,627;0,48784;761,43
54,20000;0,9033;2,631;0,48861;762,61
54,30000;0,9049;2,634;0,48935;763,46
54,40000;0,9065;2,638;0,49012;764,53
54,50000;0,9081;2,639;0,49088;764,96
54,60000;0,9098;2,641;0,49171;765,44
54,70000;0,9117;2,642;0,49270;765,79
54,80000;0,9133;2,644;0,49351;766,47
54,90000;0,9149;2,646;0,49430;766,95
55,00000;0,9166;2,648;0,49506;767,47
55,10000;0,9181;2,650;0,49587;768,01
55,20000;0,9198;2,652;0,49662;768,76
55,30000;0,9217;2,656;0,49750;769,77
55,40000;0,9234;2,659;0,49844;770,71
55,50000;0,9249;2,661;0,49920;771,20
55,60000;0,9267;2,668;0,49997;773,19
55,70000;0,9283;2,671;0,50084;774,27
55,80000;0,9298;2,674;0,50155;775,12
55,90000;0,9316;2,676;0,50242;775,68
56,00000;0,9334;2,682;0,50320;777,30
56,10000;0,9350;2,688;0,50404;779,08
56,20000;0,9366;2,691;0,50482;780,01
56,30000;0,9382;2,696;0,50565;781,58
56,38600;0,9395;2,696;0,50630;781,44
56,48600;0,9412;2,702;0,50712;783,16
56,58600;0,9431;2,706;0,50796;784,39
56,68600;0,9449;2,710;0,50897;785,37
56,78600;0,9464;2,718;0,50967;787,71
56,88600;0,9480;2,724;0,51046;789,43
56,98600;0,9497;2,731;0,51124;791,73
57,08600;0,9513;2,732;0,51198;792,00
57,18600;0,9530;2,744;0,51290;795,34
57,28600;0,9548;2,751;0,51371;797,50
57,38600;0,9564;2,759;0,51458;799,85
57,48600;0,9581;2,768;0,51536;802,26
57,58600;0,9597;2,776;0,51611;804,64
57,68600;0,9613;2,782;0,51691;806,40
57,78600;0,9629;2,787;0,51758;807,78
57,88600;0,9647;2,792;0,51838;809,33
57,98600;0,9665;2,802;0,51942;812,12
58,08600;0,9681;2,807;0,52022;813,60
58,18600;0,9698;2,815;0,52104;815,96
58,28600;0,9714;2,818;0,52175;816,82
58,38600;0,9729;2,825;0,52251;818,79
58,48600;0,9747;2,832;0,52328;820,78
58,58600;0,9766;2,839;0,52421;822,88
58,68600;0,9781;2,845;0,52503;824,59
58,78600;0,9797;2,852;0,52579;826,68
58,88600;0,9813;2,857;0,52658;828,13
58,98600;0,9829;2,861;0,52736;829,31
59,08600;0,9845;2,866;0,52811;830,87
59,18600;0,9865;2,872;0,52903;832,37
59,28600;0,9881;2,875;0,52987;833,32
59,38600;0,9897;2,879;0,53066;834,60
59,48600;0,9914;2,883;0,53148;835,56
59,58600;0,9930;2,887;0,53223;836,91
59,68600;0,9945;2,893;0,53304;838,53
59,78600;0,9963;2,897;0,53389;839,82
59,88600;0,9982;2,904;0,53479;841,66
59,98600;0,9998;2,913;0,53554;844,31
60,08600;1,0014;2,919;0,53728;846,03
60,18600;1,0030;2,930;0,52390;849,34
60,28600;1,0046;2,933;0,44380;850,21
60,38600;1,0062;2,942;0,37611;852,79
60,48600;1,0081;2,948;0,10210;854,39
60,58600;1,0098;2,951;-1,66959;855,45
60,68600;1,0114;2,960;-3,45537;858,07
60,78600;1,0131;2,964;-3,45241;859,10
60,88600;1,0146;2,965;-4,56040;859,46
60,98600;1,0162;2,967;-3,46024;859,98
61,08600;1,0181;2,970;-2,63189;860,79
61,18600;1,0199;2,971;-3,03345;861,05
61,28600;1,0214;2,971;-4,44736;861,27
61,38600;1,0231;2,972;-2,80912;861,48
61,48600;1,0247;2,973;-2,12438;861,79
61,58600;1,0262;2,973;-2,49106;861,75
61,68600;1,0279;2,974;-2,90375;861,90
61,78600;1,0298;2,974;-3,95625;861,91
61,88600;1,0314;2,974;-3,15192;862,04
61,98600;1,0330;2,974;-1,19144;862,12
62,08600;1,0347;2,974;-0,64495;862,08
62,18600;1,0363;2,975;-3,28206;862,27
62,28600;1,0379;2,975;-3,36283;862,43
62,38600;1,0397;2,976;-3,70741;862,54
62,48600;1,0415;2,977;-3,92263;862,78
62,58600;1,0431;2,977;-3,93840;863,01
62,68600;1,0447;2,978;-3,49965;863,21
62,78600;1,0463;2,979;-3,96448;863,50
62,88600;1,0480;2,981;-3,06496;864,14
62,98600;1,0496;2,982;-2,88970;864,26
63,08600;1,0515;2,985;-3,00821;865,23
63,18600;1,0531;2,986;-3,95500;865,56
63,28600;1,0548;2,989;-3,23300;866,52
63,38600;1,0564;2,994;-3,31892;867,78
63,48600;1,0579;2,996;-3,86728;868,50
63,58600;1,0595;3,002;-3,25946;870,05
63,68600;1,0614;3,006;-3,36178;871,35
63,78600;1,0631;3,012;-3,80524;872,90
63,88600;1,0648;3,019;-3,28699;874,98
63,98600;1,0664;3,026;-3,38618;876,97
64,08600;1,0680;3,034;-3,75832;879,52
64,18600;1,0696;3,041;-3,31224;881,44
64,28600;1,0714;3,045;-3,40264;882,68
64,38600;1,0732;3,055;-3,72078;885,60
64,48600;1,0748;3,061;-3,33495;887,21
64,58600;1,0764;3,072;-3,41407;890,53
64,68600;1,0780;3,078;-3,68980;892,07
64,78600;1,0795;3,085;-3,35521;894,31
64,88600;1,0812;3,090;-3,42255;895,64
64,98600;1,0831;3,098;-3,66420;897,99
65,08600;1,0848;3,101;-3,37302;898,93
65,18600;1,0864;3,108;-3,42874;900,74
65,28600;1,0881;3,114;-3,64227;902,54
65,38600;1,0897;3,116;-3,38900;903,33
65,48600;1,0912;3,120;-3,43306;904,36
65,58600;1,0930;3,128;-3,62371;906,62
65,68600;1,0948;3,129;-3,40313;907,00
65,78600;1,0965;3,135;-3,43676;908,62
65,88600;1,0980;3,142;-3,60778;910,74
65,98600;1,0996;3,146;-3,41523;911,97
66,08600;1,1012;3,153;-3,44002;913,84
66,18600;1,1029;3,160;-3,59363;916,01
66,28600;1,1048;3,168;-3,42622;918,23
66,38600;1,1065;3,178;-3,44264;921,02
66,48600;1,1080;3,188;-3,58146;924,11
66,58600;1,1097;3,195;-3,43559;926,05
66,68600;1,1113;3,204;-3,44488;928,82
66,78600;1,1129;3,212;-3,57092;930,96
66,88600;1,1147;3,222;-3,44383;933,96
66,98600;1,1165;3,230;-3,44684;936,37
67,08600;1,1181;3,237;-3,56161;938,19
67,18600;1,1198;3,245;-3,45119;940,48
67,28600;1,1214;3,252;-3,44873;942,65
67,38600;1,1229;3,256;-3,55336;943,64
67,48600;1,1246;3,260;-3,45757;945,05
67,58600;1,1265;3,267;-3,45058;947,08
67,68600;1,1281;3,270;-3,54552;947,91
67,78600;1,1297;3,274;-3,46326;948,87
67,88600;1,1314;3,279;-3,45275;950,52
67,98600;1,1329;3,281;-3,53892;951,07
68,08600;1,1345;3,286;-3,46812;952,43
68,18600;1,1364;3,289;-3,45439;953,30
68,28600;1,1382;3,292;-3,53297;954,32
68,38600;1,1397;3,296;-3,47230;955,29
68,48600;1,1414;3,299;-3,45625;956,26
68,58600;1,1430;3,303;-3,52754;957,26
68,68600;1,1445;3,304;-3,47577;957,78
68,78600;1,1463;3,308;-3,45797;958,97
68,88600;1,1482;3,310;-3,52278;959,37
68,98600;1,1498;3,315;-3,47908;961,00
69,08600;1,1513;3,317;-3,45980;961,57
69,18600;1,1530;3,321;-3,51847;962,68
69,28600;1,1545;3,324;-3,48199;963,35
69,38600;1,1563;3,326;-3,46149;963,92
69,48600;1,1581;3,330;-3,51448;965,20
69,58600;1,1598;3,331;-3,48411;965,56
69,68600;1,1614;3,333;-3,46306;965,96
69,78600;1,1631;3,334;-3,51110;966,43
69,88600;1,1647;3,338;-3,48590;967,48
69,98600;1,1662;3,339;-3,46482;967,80
70,08600;1,1681;3,342;-3,50797;968,67
70,18600;1,1699;3,344;-3,48751;969,29
70,28600;1,1714;3,347;-3,46623;970,05
70,38600;1,1731;3,351;-3,50512;971,21
70,48600;1,1747;3,355;-3,48872;972,53
70,58600;1,1762;3,357;-3,46775;973,18
70,68600;1,1779;3,364;-3,50255;974,98
70,78600;1,1798;3,371;-3,48968;977,22
70,88600;1,1815;3,376;-3,46933;978,67
70,98600;1,1831;3,378;-3,50022;979,12
71,08600;1,1847;3,384;-3,49065;980,97
71,18600;1,1863;3,388;-3,47090;982,14
71,28600;1,1879;3,390;-3,49831;982,72
71,38600;1,1897;3,395;-3,49105;983,92
71,48600;1,1915;3,396;-3,47240;984,40
71,58600;1,1931;3,398;-3,49676;984,97
71,68600;1,1947;3,400;-3,49162;985,49
71,78600;1,1963;3,402;-3,47363;986,11
71,88600;1,1978;3,405;-3,49534;986,95
71,98600;1,1996;3,408;-3,49183;987,84
72,08600;1,2015;3,412;-3,47479;989,01
72,18600;1,2031;3,415;-3,49380;989,93
72,28600;1,2047;3,420;-3,49199;991,31
72,38600;1,2063;3,424;-3,47596;992,49
72,48600;1,2080;3,430;-3,49252;994,19
72,58600;1,2095;3,431;-3,49253;994,44
72,68600;1,2114;3,442;-3,47730;997,54
72,78600;1,2132;3,445;-3,49141;998,68
72,88600;1,2148;3,449;-3,49245;999,78
72,98600;1,2164;3,453;-3,47832;1000,83
73,08600;1,2181;3,460;-3,49052;1002,77
73,18600;1,2196;3,463;-3,49224;1003,71
73,28600;1,2213;3,467;-3,47929;1004,85
73,38600;1,2231;3,473;-3,48990;1006,55
73,48600;1,2248;3,476;-3,49230;1007,56
73,58600;1,2264;3,482;-3,47980;1009,35
73,68600;1,2281;3,487;-3,48913;1010,71
73,78600;1,2296;3,494;-3,49216;1012,64
73,88600;1,2312;3,500;-3,48079;1014,37
73,98600;1,2331;3,507;-3,48843;1016,55
74,08600;1,2349;3,517;-3,49218;1019,53
74,18600;1,2364;3,521;-3,48161;1020,72
74,28600;1,2381;3,528;-3,48804;1022,68
74,38600;1,2397;3,535;-3,49189;1024,72
74,48600;1,2412;3,541;-3,48228;1026,41
74,58600;1,2429;3,549;-3,48751;1028,61
74,68600;1,2447;3,555;-3,49173;1030,53
74,78600;1,2465;3,557;-3,48317;1030,91
74,88600;1,2480;3,563;-3,48725;1032,90
74,98600;1,2497;3,566;-3,49140;1033,70
75,08600;1,2512;3,572;-3,48366;1035,32
75,18600;1,2529;3,575;-3,48692;1036,35
75,28600;1,2547;3,577;-3,49126;1036,77
75,38600;1,2565;3,582;-3,48409;1038,12
75,48600;1,2581;3,587;-3,48663;1039,62
75,58600;1,2598;3,589;-3,49102;1040,29
75,68600;1,2613;3,593;-3,48478;1041,32
75,78600;1,2628;3,595;-3,48645;1042,09
75,88600;1,2647;3,598;-3,49058;1042,99
75,98600;1,2665;3,600;-3,48535;1043,54
76,08600;1,2681;3,603;-3,48652;1044,28
76,18600;1,2697;3,605;-3,49032;1044,96
76,28600;1,2713;3,607;-3,48568;1045,63
76,38600;1,2728;3,610;-3,48631;1046,31
76,48600;1,2746;3,611;-3,49013;1046,76
76,58600;1,2764;3,614;-3,48613;1047,55
76,68600;1,2782;3,616;-3,48631;1048,24
76,78600;1,2797;3,621;-3,48979;1049,60
76,88600;1,2814;3,625;-3,48642;1050,76
76,98600;1,2830;3,629;-3,48630;1051,75
77,08600;1,2845;3,634;-3,48980;1053,29
77,18600;1,2863;3,636;-3,48673;1053,94
77,28600;1,2882;3,641;-3,48618;1055,31
77,38600;1,2898;3,648;-3,48958;1057,42
77,48600;1,2914;3,653;-3,48711;1058,72
77,58600;1,2930;3,659;-3,48635;1060,52
77,68600;1,2946;3,666;-3,48929;1062,48
77,78600;1,2962;3,672;-3,48732;1064,34
77,88600;1,2981;3,681;-3,48660;1066,84
77,98600;1,2998;3,688;-3,48930;1068,94
78,08600;1,3014;3,696;-3,48745;1071,27
78,18600;1,3030;3,704;-3,48668;1073,66
78,28600;1,3047;3,711;-3,48929;1075,77
78,38600;1,3062;3,718;-3,48762;1077,73
78,48600;1,3080;3,728;-3,48661;1080,45
78,58600;1,3099;3,736;-3,48905;1082,94
78,68600;1,3115;3,744;-3,48779;1085,26
78,78600;1,3131;3,749;-3,48665;1086,77
78,88600;1,3147;3,756;-3,48886;1088,58
78,98600;1,3162;3,760;-3,48786;1089,99
79,08600;1,3179;3,764;-3,48670;1090,96
79,18600;1,3198;3,768;-3,48868;1092,25
79,28600;1,3215;3,771;-3,48822;1093,17
79,38600;1,3231;3,775;-3,48700;1094,29
79,48600;1,3248;3,779;-3,48861;1095,39
79,58600;1,3264;3,781;-3,48809;1096,02
79,68600;1,3279;3,786;-3,48732;1097,27
79,78600;1,3296;3,788;-3,48852;1098,11
79,88600;1,3315;3,794;-3,48804;1099,81
79,98600;1,3331;3,798;-3,48717;1100,94
80,08600;1,3347;3,807;-3,48857;1103,43
80,18600;1,3364;3,812;-3,48811;1104,86
80,28600;1,3379;3,818;-3,48708;1106,57
80,38600;1,3396;3,823;-3,48833;1108,24
80,48600;1,3414;3,829;-3,48811;1109,89
80,58600;1,3431;3,833;-3,48742;1111,16
80,68600;1,3447;3,843;-3,48809;1113,84
80,78600;1,3464;3,848;-3,48831;1115,31
80,88600;1,3480;3,853;-3,48738;1116,86
80,98600;1,3495;3,856;-3,48800;1117,68
81,08600;1,3514;3,859;-3,48849;1118,61
81,18600;1,3532;3,863;-3,48752;1119,65
81,28600;1,3548;3,864;-3,48798;1120,04
81,38600;1,3564;3,866;-3,48837;1120,59
81,48600;1,3580;3,868;-3,48767;1121,15
81,58600;1,3595;3,870;-3,48810;1121,62
81,68600;1,3613;3,871;-3,48830;1121,95
81,78600;1,3631;3,872;-3,48758;1122,24
81,88600;1,3648;3,873;-3,48807;1122,69
81,98600;1,3663;3,873;-3,48841;1122,73
82,08600;1,3681;3,874;-3,48780;1122,93
82,18600;1,3696;3,874;-3,48787;1123,02
82,28600;1,3712;3,875;-3,48846;1123,21
82,38600;1,3731;3,876;-3,48791;1123,36
82,48600;1,3749;3,877;-3,48774;1123,64
82,58600;1,3764;3,877;-3,48847;1123,71
82,68600;1,3781;3,878;-3,48810;1124,09
82,78600;1,3797;3,878;-3,48778;1124,13
82,88600;1,3812;3,879;-3,48852;1124,41
82,98600;1,3829;3,881;-3,48823;1124,93
83,08600;1,3848;3,882;-3,48785;1125,26
83,18600;1,3864;3,883;-3,48829;1125,64
83,28600;1,3880;3,885;-3,48827;1126,08
83,38600;1,3897;3,887;-3,48787;1126,57
83,48600;1,3912;3,890;-3,48833;1127,45
83,58600;1,3929;3,894;-3,48810;1128,73
83,68600;1,3947;3,895;-3,48784;1129,08
83,78600;1,3965;3,899;-3,48843;1130,17
83,88600;1,3981;3,903;-3,48825;1131,25
83,98600;1,3997;3,907;-3,48784;1132,50
84,08600;1,4013;3,911;-3,48828;1133,51
84,18600;1,4029;3,915;-3,48843;1134,80
84,28600;1,4047;3,920;-3,48791;1136,19
84,38600;1,4065;3,927;-3,48828;1138,22
84,48600;1,4081;3,934;-3,48840;1140,17
84,58600;1,4098;3,946;-3,48798;1143,63
84,68600;1,4114;3,952;-3,48839;1145,48
84,78600;1,4129;3,958;-3,48830;1147,12
84,88600;1,4145;3,967;-3,48792;1149,81
84,98600;1,4163;3,979;-3,48827;1153,26
85,08600;1,4181;3,983;-3,48840;1154,46
85,18600;1,4198;3,991;-3,48788;1156,70
85,28600;1,4214;3,995;-3,48828;1158,02
85,38600;1,4230;4,005;-3,48841;1160,92
85,48600;1,4246;4,007;-3,48794;1161,54
85,58600;1,4264;4,015;-3,48831;1163,76
85,68600;1,4282;4,018;-3,48847;1164,60
85,78600;1,4298;4,024;-3,48791;1166,40
85,88600;1,4314;4,029;-3,48815;1167,73
85,98600;1,4330;4,035;-3,48853;1169,57
86,08600;1,4345;4,039;-3,48816;1170,63
86,18600;1,4362;4,043;-3,48808;1171,80
86,28600;1,4381;4,049;-3,48859;1173,51
86,38600;1,4398;4,054;-3,48824;1174,98
86,48600;1,4414;4,062;-3,48816;1177,53
86,58600;1,4430;4,068;-3,48855;1179,10
86,68600;1,4447;4,076;-3,48815;1181,55
86,78600;1,4462;4,082;-3,48824;1183,20
86,88600;1,4480;4,087;-3,48865;1184,73
86,98600;1,4499;4,091;-3,48805;1185,86
87,08600;1,4515;4,098;-3,48821;1187,82
87,18600;1,4531;4,101;-3,48852;1188,82
87,28600;1,4547;4,107;-3,48810;1190,30
87,38600;1,4562;4,111;-3,48831;1191,63
87,48600;1,4579;4,116;-3,48851;1192,96
87,58600;1,4598;4,123;-3,48801;1195,01
87,68600;1,4614;4,128;-3,48831;1196,45
87,78600;1,4630;4,136;-3,48854;1198,71
87,88600;1,4647;4,142;-3,48822;1200,68
87,98600;1,4663;4,151;-3,48841;1203,25
88,08600;1,4678;4,157;-3,48836;1204,84
88,18600;1,4698;4,164;-3,48820;1207,05
88,28600;1,4716;4,172;-3,48854;1209,28
88,38600;1,4731;4,181;-3,48829;1211,95
88,48600;1,4746;4,188;-3,48809;1213,87
88,58600;1,4764;4,200;-3,48839;1217,43
88,68600;1,4778;4,203;-3,48863;1218,34
88,78600;1,4796;4,208;-3,48833;1219,72
88,88600;1,4814;4,214;-3,48845;1221,41
88,98600;1,4832;4,220;-3,48849;1223,20
89,08600;1,4847;4,224;-3,48851;1224,31
89,18600;1,4864;4,227;-3,48836;1225,28
89,28600;1,4879;4,230;-3,48841;1226,17
89,38600;1,4895;4,232;-3,48838;1226,55
89,48600;1,4914;4,235;-3,48838;1227,64
89,58600;1,4932;4,237;-3,48837;1228,01
89,68600;1,4947;4,238;-3,48848;1228,49
89,78600;1,4964;4,241;-3,48861;1229,13
89,88600;1,4980;4,241;-3,48819;1229,24
89,98600;1,4996;4,242;-3,48842;1229,53
90,08600;1,5013;4,243;-3,48878;1229,75
90,18600;1,5032;4,243;-3,48846;1229,93
90,28600;1,5048;4,244;-3,48839;1230,08
90,38600;1,5064;4,245;-3,48866;1230,35
90,48600;1,5080;4,245;-3,48854;1230,49
90,58600;1,5096;4,245;-3,48851;1230,49
90,68600;1,5113;4,246;-3,48847;1230,66
90,78600;1,5130;4,246;-3,48856;1230,83
90,88600;1,5148;4,247;-3,48839;1230,92
90,98600;1,5164;4,247;-3,48851;1231,06
91,08600;1,5181;4,247;-3,48853;1231,15
91,18600;1,5197;4,248;-3,48853;1231,44
91,28600;1,5212;4,249;-3,48868;1231,52
91,38600;1,5230;4,249;-3,48854;1231,66
91,48600;1,5249;4,250;-3,48848;1232,00
91,58600;1,5265;4,251;-3,48860;1232,23
91,68600;1,5281;4,253;-3,48846;1232,81
91,78600;1,5297;4,254;-3,48831;1233,16
91,88600;1,5312;4,257;-3,48865;1233,82
91,98600;1,5329;4,257;-3,48870;1233,98
92,08600;1,5347;4,261;-3,48841;1235,10
92,18600;1,5365;4,263;-3,48847;1235,53
92,28600;1,5381;4,267;-3,48859;1236,67
92,38600;1,5397;4,269;-3,48877;1237,49
92,48600;1,5414;4,272;-3,48856;1238,24
92,58600;1,5429;4,279;-3,48869;1240,23
92,68600;1,5447;4,281;-3,48893;1240,84
92,78600;1,5465;4,287;-3,48847;1242,71
92,88600;1,5481;4,295;-3,48876;1244,79
92,98600;1,5497;4,300;-3,48874;1246,45
93,08600;1,5513;4,306;-3,48846;1248,25
93,18600;1,5529;4,313;-3,48874;1250,27
93,28600;1,5545;4,319;-3,48855;1251,93
93,38600;1,5565;4,324;-3,48859;1253,31
93,48600;1,5581;4,329;-3,48871;1254,87
93,58600;1,5597;4,333;-3,48857;1255,85
93,68600;1,5613;4,336;-3,48842;1256,78
93,78600;1,5629;4,342;-3,48875;1258,56
93,88600;1,5645;4,343;-3,48868;1258,88
93,98600;1,5663;4,347;-3,48835;1259,93
94,08600;1,5682;4,351;-3,48873;1261,03
94,18600;1,5697;4,357;-3,48869;1262,78
94,28600;1,5714;4,359;-3,48868;1263,40
94,38600;1,5731;4,364;-3,48858;1265,00
94,48600;1,5746;4,367;-3,48870;1265,89
94,58600;1,5762;4,373;-3,48887;1267,49
94,68600;1,5781;4,378;-3,48866;1268,93
94,78600;1,5798;4,387;-3,48871;1271,72
94,88600;1,5814;4,393;-3,48888;1273,23
94,98600;1,5831;4,401;-3,48858;1275,59
95,08600;1,5846;4,410;-3,48866;1278,27
95,18600;1,5862;4,416;-3,48882;1279,90
95,28600;1,5880;4,425;-3,48886;1282,70
95,38600;1,5899;4,429;-3,48871;1283,74
95,48600;1,5914;4,440;-3,48881;1287,00
95,58600;1,5931;4,445;-3,48874;1288,45
95,68600;1,5947;4,451;-3,48880;1290,21
95,78600;1,5962;4,455;-3,48870;1291,42
95,88600;1,5979;4,461;-3,48854;1293,09
95,98600;1,5999;4,467;-3,48882;1294,79
96,08600;1,6015;4,470;-3,48888;1295,80
96,18600;1,6030;4,476;-3,48852;1297,26
96,28600;1,6047;4,479;-3,48881;1298,26
96,38600;1,6062;4,482;-3,48882;1299,02
96,48600;1,6078;4,486;-3,48871;1300,22
96,58600;1,6098;4,490;-3,48884;1301,31
96,68600;1,6115;4,495;-3,48901;1302,95
96,78600;1,6130;4,498;-3,48872;1303,76
96,88600;1,6147;4,500;-3,48903;1304,45
96,98600;1,6163;4,505;-3,48871;1305,78
97,08600;1,6179;4,507;-3,48874;1306,43
97,18600;1,6196;4,511;-3,48889;1307,53
97,28600;1,6215;4,515;-3,48882;1308,56
97,38600;1,6231;4,518;-3,48860;1309,60
97,48600;1,6247;4,520;-3,48911;1310,14
97,58600;1,6263;4,524;-3,48889;1311,17
97,68600;1,6279;4,527;-3,48840;1312,27
97,78600;1,6296;4,529;-3,48911;1312,88
97,88600;1,6314;4,531;-3,48909;1313,39
97,98600;1,6332;4,535;-3,48850;1314,42
98,08600;1,6348;4,537;-3,48895;1315,14
98,18600;1,6364;4,538;-3,48904;1315,49
98,28600;1,6380;4,541;-3,48867;1316,31
98,38600;1,6395;4,542;-3,48897;1316,46
98,48600;1,6413;4,545;-3,48892;1317,51
98,58600;1,6432;4,547;-3,48865;1318,11
98,68600;1,6448;4,550;-3,48907;1318,97
98,78600;1,6464;4,553;-3,48918;1319,68
98,88600;1,6480;4,555;-3,48848;1320,30
98,98600;1,6495;4,558;-3,48905;1321,16
99,08600;1,6512;4,561;-3,48908;1322,12
99,18600;1,6531;4,566;-3,48860;1323,54
99,28600;1,6548;4,567;-3,48895;1323,73
99,38600;1,6564;4,573;-3,48902;1325,44
99,48600;1,6580;4,578;-3,48875;1327,07
99,58600;1,6596;4,583;-3,48886;1328,35
99,68600;1,6613;4,586;-3,48915;1329,19
99,78600;1,6630;4,594;-3,48846;1331,66
99,88600;1,6648;4,597;-3,48895;1332,50
99,98600;1,6664;4,607;-3,48916;1335,24
100,08600;1,6681;4,612;-3,48864;1336,68
100,18600;1,6698;4,619;-3,48911;1338,83
100,28600;1,6713;4,624;-3,48917;1340,40
100,38600;1,6729;4,630;-3,48861;1342,17
100,48600;1,6748;4,638;-3,48896;1344,45
100,58600;1,6765;4,640;-3,48931;1345,05
100,68600;1,6781;4,647;-3,48845;1346,85
100,78600;1,6796;4,653;-3,48882;1348,57
100,88600;1,6812;4,655;-3,48957;1349,34
100,98600;1,6829;4,658;-3,48881;1350,08
101,08600;1,6847;4,662;-3,48891;1351,28
101,18600;1,6865;4,665;-3,48927;1352,09
101,28600;1,6881;4,669;-3,48880;1353,22
101,38600;1,6897;4,673;-3,48888;1354,39
101,48600;1,6913;4,675;-3,48930;1355,15
101,58600;1,6929;4,677;-3,48876;1355,66
101,68600;1,6947;4,681;-3,48875;1356,75
101,78600;1,6965;4,686;-3,48914;1358,20
101,88600;1,6981;4,687;-3,48874;1358,60
101,98600;1,6997;4,692;-3,48882;1359,95
102,08600;1,7014;4,697;-3,48912;1361,47
102,18600;1,7030;4,700;-3,48874;1362,40
102,28600;1,7045;4,703;-3,48899;1363,10
102,38600;1,7064;4,706;-3,48949;1364,03
102,48600;1,7082;4,711;-3,48878;1365,52
102,58600;1,7098;4,713;-3,48865;1366,16
102,68600;1,7113;4,716;-3,48948;1366,85
102,78600;1,7130;4,717;-3,48896;1367,34
102,88600;1,7145;4,719;-3,48858;1367,89
102,98600;1,7163;4,721;-3,48924;1368,45
103,08600;1,7182;4,723;-3,48906;1368,94
103,18600;1,7198;4,724;-3,48886;1369,32
103,28600;1,7213;4,728;-3,48942;1370,38
103,38600;1,7229;4,729;-3,48897;1370,65
103,48600;1,7245;4,730;-3,48886;1371,11
103,58600;1,7262;4,735;-3,48922;1372,36
103,68600;1,7281;4,738;-3,48898;1373,32
103,78600;1,7299;4,741;-3,48876;1374,28
103,88600;1,7314;4,746;-3,48919;1375,57
103,98600;1,7331;4,750;-3,48897;1376,77
104,08600;1,7346;4,754;-3,48879;1378,10
104,18600;1,7362;4,759;-3,48941;1379,35
104,28600;1,7380;4,762;-3,48899;1380,21
104,38600;1,7399;4,768;-3,48860;1382,01
104,48600;1,7414;4,769;-3,48905;1382,42
104,58600;1,7431;4,770;-3,48905;1382,72
104,68600;1,7447;4,775;-3,48867;1384,02
104,78600;1,7462;4,778;-3,48893;1384,81
104,88600;1,7479;4,780;-3,48916;1385,60
104,98600;1,7498;4,782;-3,48887;1386,13
105,08600;1,7515;4,783;-3,48918;1386,35
105,18600;1,7530;4,785;-3,48886;1386,90
105,28601;1,7547;4,787;-3,48858;1387,39
105,38601;1,7563;4,789;-3,48911;1388,14
105,48601;1,7579;4,791;-3,48901;1388,68
105,58601;1,7597;4,794;-3,48877;1389,62
105,68601;1,7615;4,796;-3,48923;1390,12
105,78601;1,7631;4,799;-3,48898;1390,97
105,88601;1,7648;4,803;-3,48881;1392,11
105,98601;1,7664;4,805;-3,48915;1392,87
106,08601;1,7679;4,810;-3,48910;1394,20
106,18601;1,7695;4,810;-3,48869;1394,28
106,28601;1,7714;4,814;-3,48921;1395,50
106,38601;1,7731;4,820;-3,48917;1397,14
106,48601;1,7747;4,826;-3,48892;1398,82
106,58601;1,7763;4,827;-3,48910;1399,17
106,68601;1,7779;4,832;-3,48917;1400,60
106,78601;1,7796;4,838;-3,48890;1402,32
106,88601;1,7814;4,842;-3,48924;1403,50
106,98601;1,7832;4,846;-3,48901;1404,60
107,08601;1,7847;4,853;-3,48878;1406,53
107,18601;1,7864;4,858;-3,48923;1408,25
107,28601;1,7880;4,863;-3,48918;1409,47
107,38601;1,7896;4,865;-3,48877;1410,08
107,48601;1,7913;4,870;-3,48901;1411,52
107,58601;1,7931;4,877;-3,48923;1413,72
107,68601;1,7947;4,881;-3,48889;1414,86
107,78601;1,7964;4,885;-3,48912;1415,89
107,88601;1,7980;4,891;-3,48909;1417,81
107,98601;1,7996;4,894;-3,48880;1418,47
108,08601;1,8012;4,900;-3,48897;1420,36
108,18601;1,8031;4,904;-3,48913;1421,51
108,28601;1,8048;4,910;-3,48893;1423,29
108,38601;1,8065;4,915;-3,48908;1424,54
108,48601;1,8080;4,921;-3,48923;1426,37
108,58601;1,8097;4,926;-3,48918;1427,80
108,68601;1,8112;4,931;-3,48930;1429,38
108,78601;1,8130;4,941;-3,48916;1432,04
108,88601;1,8148;4,947;-3,48899;1433,95
108,98601;1,8165;4,954;-3,48936;1435,97
109,08601;1,8180;4,960;-3,48939;1437,73
109,18601;1,8197;4,966;-3,48915;1439,41
109,28601;1,8213;4,973;-3,48926;1441,42
109,38601;1,8228;4,978;-3,48942;1442,92
109,48601;1,8247;4,983;-3,48927;1444,36
109,58601;1,8265;4,989;-3,48930;1445,97
109,68601;1,8281;4,995;-3,48942;1447,89
109,78601;1,8297;5,002;-3,48918;1449,73
109,88601;1,8314;5,008;-3,48929;1451,49
109,98601;1,8329;5,011;-3,48919;1452,48
110,08601;1,8346;5,018;-3,48914;1454,51
110,18601;1,8365;5,023;-3,48930;1455,89
110,28601;1,8382;5,032;-3,48907;1458,65
110,38601;1,8397;5,037;-3,48921;1460,10
110,48601;1,8414;5,043;-3,48931;1461,66
110,58601;1,8429;5,053;-3,48916;1464,56
110,68601;1,8446;5,059;-3,48927;1466,35
110,78601;1,8464;5,069;-3,48930;1469,36
110,88601;1,8482;5,077;-3,48934;1471,62
110,98601;1,8497;5,084;-3,48927;1473,57
111,08601;1,8514;5,090;-3,48932;1475,45
111,18601;1,8530;5,101;-3,48919;1478,69
111,28601;1,8546;5,104;-3,48917;1479,48
111,38601;1,8563;5,111;-3,48939;1481,41
111,48601;1,8582;5,115;-3,48921;1482,72
111,58601;1,8598;5,119;-3,48931;1483,82
111,68601;1,8614;5,124;-3,48938;1485,15
111,78601;1,8630;5,129;-3,48928;1486,52
111,88601;1,8646;5,132;-3,48933;1487,40
111,98601;1,8662;5,134;-3,48928;1488,21
112,08601;1,8680;5,136;-3,48925;1488,84
112,18601;1,8698;5,139;-3,48939;1489,51
112,28601;1,8714;5,140;-3,48927;1489,94
112,38601;1,8731;5,143;-3,48929;1490,61
112,48601;1,8747;5,144;-3,48939;1491,04
112,58601;1,8762;5,146;-3,48920;1491,62
112,68601;1,8780;5,147;-3,48919;1491,74
112,78601;1,8799;5,148;-3,48944;1492,13
112,88601;1,8814;5,148;-3,48922;1492,18
112,98601;1,8831;5,149;-3,48922;1492,36
113,08601;1,8847;5,149;-3,48926;1492,43
113,18601;1,8862;5,149;-3,48922;1492,47
113,28601;1,8879;5,149;-3,48916;1492,50
113,38601;1,8898;5,149;-3,48922;1492,52
113,48601;1,8914;5,149;-3,48917;1492,53
113,58601;1,8930;5,149;-3,48919;1492,55
113,68601;1,8947;5,149;-3,48923;1492,56
113,78601;1,8962;5,149;-3,48921;1492,55
113,88601;1,8978;5,149;-3,48927;1492,58
113,98601;1,8997;5,149;-3,48933;1492,58
114,08601;1,9015;5,150;-3,48915;1492,67
114,18601;1,9031;5,150;-3,48932;1492,76
114,28601;1,9047;5,150;-3,48929;1492,80
114,38601;1,9064;5,151;-3,48904;1492,90
114,48601;1,9079;5,152;-3,48933;1493,40
114,58601;1,9096;5,152;-3,48960;1493,47
114,68601;1,9115;5,155;-3,48916;1494,30
114,78601;1,9131;5,158;-3,48925;1494,93
114,88601;1,9147;5,162;-3,48953;1496,29
114,98601;1,9163;5,166;-3,48943;1497,50
115,08601;1,9179;5,171;-3,48940;1498,85
115,18601;1,9195;5,175;-3,48941;1500,05
115,28601;1,9213;5,183;-3,48931;1502,21
115,38601;1,9232;5,188;-3,48944;1503,84
115,48601;1,9248;5,195;-3,48936;1505,79
115,58601;1,9264;5,200;-3,48918;1507,37
115,68601;1,9281;5,209;-3,48928;1509,93
115,78601;1,9296;5,214;-3,48945;1511,32
115,88601;1,9313;5,220;-3,48929;1513,04
115,98601;1,9331;5,229;-3,48929;1515,53
116,08601;1,9349;5,234;-3,48938;1517,04
116,18601;1,9364;5,241;-3,48936;1519,05
116,28601;1,9380;5,245;-3,48938;1520,43
116,38601;1,9396;5,252;-3,48939;1522,22
116,48601;1,9411;5,254;-3,48957;1522,81
116,58601;1,9430;5,264;-3,48937;1525,71
116,68601;1,9448;5,270;-3,48950;1527,65
116,78601;1,9464;5,275;-3,48957;1529,03
116,88601;1,9481;5,280;-3,48945;1530,46
116,98601;1,9497;5,287;-3,48940;1532,58
117,08601;1,9512;5,294;-3,48952;1534,55
117,18601;1,9529;5,296;-3,48960;1535,10
117,28601;1,9548;5,304;-3,48958;1537,40
117,38601;1,9565;5,311;-3,48949;1539,41
117,48601;1,9580;5,317;-3,48940;1541,08
117,58601;1,9598;5,320;-3,48967;1542,05
117,68601;1,9612;5,325;-3,48954;1543,57
117,78601;1,9629;5,328;-3,48932;1544,38
117,88601;1,9647;5,334;-3,48957;1546,21
117,98601;1,9665;5,338;-3,48957;1547,13
118,08601;1,9680;5,343;-3,48920;1548,73
118,18601;1,9697;5,348;-3,48933;1550,02
118,28601;1,9713;5,355;-3,48953;1552,21
118,38601;1,9729;5,359;-3,48926;1553,35
118,48601;1,9746;5,369;-3,48920;1556,22
118,58601;1,9765;5,374;-3,48929;1557,59
118,68601;1,9781;5,385;-3,48925;1560,73
118,78601;1,9797;5,390;-3,48904;1562,35
118,88601;1,9813;5,398;-3,48938;1564,75
118,98601;1,9829;5,406;-3,48936;1566,95
119,08601;1,9846;5,414;-3,48937;1569,15
119,18601;1,9864;5,421;-3,48950;1571,26
119,28601;1,9882;5,427;-3,48928;1572,99
119,38601;1,9897;5,433;-3,48956;1574,84
119,48601;1,9914;5,436;-3,48966;1575,76
119,58601;1,9930;5,441;-3,48931;1577,22
119,68601;1,9945;5,445;-3,48935;1578,21
119,78601;1,9963;5,447;-3,48963;1578,87
119,88601;1,9982;5,451;-3,48951;1579,94
119,98601;1,9998;5,454;-3,48946;1580,78
120,08601;2,0014;5,455;-3,48970;1581,17
120,18601;2,0030;5,458;-3,48955;1582,07
120,28601;2,0045;5,458;-3,48944;1582,13
120,38601;2,0062;5,461;-3,48958;1582,96
120,48601;2,0081;5,464;-3,48954;1583,81
120,58601;2,0098;5,469;-3,48946;1585,17
120,68601;2,0114;5,470;-3,48951;1585,53
120,78601;2,0130;5,473;-3,48946;1586,40
120,88601;2,0145;5,475;-3,48959;1586,90
120,98601;2,0162;5,478;-3,48953;1587,88
121,08601;2,0180;5,485;-3,48938;1589,88
121,18601;2,0199;5,488;-3,48960;1590,65
121,28601;2,0214;5,491;-3,48970;1591,63
121,38601;2,0231;5,497;-3,48956;1593,21
121,48601;2,0247;5,501;-3,48956;1594,56
121,58601;2,0263;5,503;-3,48965;1595,19
121,68601;2,0279;5,505;-3,48976;1595,74
121,78601;2,0298;5,511;-3,48958;1597,37
121,88601;2,0315;5,515;-3,48953;1598,46
121,98601;2,0331;5,517;-3,48958;1599,11
122,08601;2,0347;5,521;-3,48961;1600,37
122,18601;2,0363;5,525;-3,48968;1601,31
122,28601;2,0379;5,526;-3,48963;1601,86
122,38601;2,0396;5,529;-3,48961;1602,74
122,48601;2,0415;5,534;-3,48974;1604,00
122,58601;2,0431;5,536;-3,48957;1604,55
122,68601;2,0447;5,541;-3,48959;1605,97
122,78601;2,0464;5,546;-3,48996;1607,53
122,88601;2,0479;5,548;-3,48954;1608,11
122,98601;2,0496;5,555;-3,48949;1610,10
123,08601;2,0515;5,562;-3,48985;1612,22
123,18601;2,0532;5,568;-3,48954;1613,86
123,28601;2,0547;5,573;-3,48929;1615,46
123,38601;2,0564;5,576;-3,48968;1616,25
123,48601;2,0579;5,582;-3,48977;1617,88
123,58601;2,0595;5,586;-3,48961;1619,01
123,68601;2,0614;5,589;-3,48956;1620,13
123,78601;2,0632;5,592;-3,48972;1620,81
123,88601;2,0648;5,594;-3,48952;1621,47
123,98601;2,0664;5,595;-3,48975;1621,82
124,08601;2,0680;5,596;-3,48970;1621,96
124,18601;2,0695;5,597;-3,48949;1622,18
124,28601;2,0713;5,598;-3,48971;1622,54
124,38601;2,0732;5,600;-3,48977;1623,15
124,48601;2,0748;5,601;-3,48941;1623,36
124,58601;2,0763;5,602;-3,48986;1623,80
124,68601;2,0781;5,605;-3,48984;1624,76
124,78601;2,0796;5,609;-3,48943;1625,74
124,88601;2,0812;5,615;-3,48967;1627,42
124,98601;2,0830;5,621;-3,48969;1629,14
125,08601;2,0848;5,629;-3,48952;1631,47
125,18601;2,0864;5,636;-3,48946;1633,71
125,28601;2,0881;5,643;-3,48982;1635,53
125,38601;2,0896;5,651;-3,48962;1637,87
125,48601;2,0912;5,655;-3,48958;1639,27
125,58601;2,0930;5,661;-3,48969;1640,74
125,68601;2,0949;5,667;-3,48970;1642,54
125,78601;2,0964;5,670;-3,48972;1643,35
125,88601;2,0981;5,675;-3,48963;1645,03
125,98601;2,0997;5,678;-3,48957;1645,88
126,08601;2,1012;5,683;-3,48967;1647,20
126,18601;2,1029;5,686;-3,48969;1648,10
126,28601;2,1047;5,690;-3,48957;1649,27
126,38601;2,1065;5,697;-3,48977;1651,30
126,48601;2,1080;5,700;-3,48964;1652,07
126,58601;2,1097;5,704;-3,48972;1653,25
126,68601;2,1113;5,709;-3,48981;1654,68
126,78601;2,1129;5,712;-3,48963;1655,52
126,88601;2,1146;5,719;-3,48971;1657,83
126,98601;2,1165;5,723;-3,48974;1658,98
127,08601;2,1181;5,731;-3,48960;1661,05
127,18601;2,1197;5,734;-3,48967;1662,15
127,28601;2,1214;5,739;-3,48980;1663,34
127,38601;2,1230;5,745;-3,48963;1665,23
127,48601;2,1246;5,752;-3,48973;1667,15
127,58601;2,1264;5,759;-3,48996;1669,26
127,68601;2,1281;5,763;-3,48966;1670,33
127,78601;2,1297;5,766;-3,48958;1671,26
127,88601;2,1313;5,771;-3,48981;1672,69
127,98601;2,1329;5,775;-3,48978;1673,90
128,08601;2,1345;5,777;-3,48986;1674,48
128,18601;2,1364;5,780;-3,48968;1675,42
128,28601;2,1382;5,782;-3,48971;1676,01
128,38601;2,1398;5,784;-3,48977;1676,42
128,48601;2,1414;5,786;-3,48977;1677,06
128,58601;2,1430;5,789;-3,48977;1677,84
128,68601;2,1446;5,790;-3,48970;1678,13
128,78601;2,1463;5,791;-3,48990;1678,64
128,88601;2,1481;5,795;-3,48973;1679,77
128,98601;2,1498;5,799;-3,48985;1680,73
129,08601;2,1514;5,801;-3,48998;1681,41
129,18601;2,1530;5,811;-3,48998;1684,37
129,28601;2,1546;5,815;-3,48975;1685,53
129,38601;2,1562;5,821;-3,49012;1687,27
129,48601;2,1580;5,829;-3,49007;1689,52
129,58601;2,1598;5,835;-3,48978;1691,34
129,68601;2,1615;5,842;-3,48998;1693,41
129,78601;2,1631;5,852;-3,49017;1696,16
129,88601;2,1648;5,859;-3,48997;1698,23
129,98601;2,1662;5,867;-3,48990;1700,52
130,08601;2,1679;5,876;-3,49002;1703,06
130,18601;2,1698;5,887;-3,49011;1706,37
130,28601;2,1715;5,892;-3,49018;1707,93
130,38601;2,1730;5,896;-3,48998;1709,07
130,48601;2,1747;5,906;-3,49020;1711,79
130,58601;2,1763;5,909;-3,49032;1712,77
130,68601;2,1778;5,917;-3,49024;1715,12
130,78601;2,1798;5,924;-3,49031;1717,05
130,88601;2,1815;5,931;-3,49019;1719,21
130,98601;2,1831;5,936;-3,49001;1720,59
131,08601;2,1847;5,942;-3,49005;1722,28
131,18601;2,1864;5,950;-3,49006;1724,51
131,28601;2,1878;5,953;-3,49002;1725,61
131,38601;2,1896;5,960;-3,49004;1727,53
131,48601;2,1915;5,967;-3,48994;1729,45
131,58601;2,1931;5,971;-3,48982;1730,68
131,68601;2,1947;5,978;-3,49005;1732,73
131,78601;2,1964;5,981;-3,48982;1733,63
131,88601;2,1979;5,986;-3,48966;1735,16
131,98601;2,1996;5,987;-3,48997;1735,29
132,08601;2,2014;5,994;-3,48987;1737,26
132,18601;2,2032;5,995;-3,48975;1737,65
132,28601;2,2047;5,998;-3,48989;1738,62
132,38601;2,2064;6,001;-3,48979;1739,36
132,48601;2,2080;6,004;-3,48983;1740,25
132,58601;2,2096;6,007;-3,48983;1741,08
132,68601;2,2113;6,009;-3,48970;1741,78
132,78601;2,2132;6,015;-3,48992;1743,39
132,88601;2,2148;6,019;-3,48987;1744,50
132,98601;2,2164;6,021;-3,48960;1745,21
133,08601;2,2180;6,025;-3,48978;1746,31
133,18601;2,2195;6,029;-3,48978;1747,46
133,28601;2,2213;6,034;-3,48956;1749,12
133,38601;2,2231;6,037;-3,48979;1749,86
133,48601;2,2248;6,042;-3,48994;1751,36
133,58601;2,2264;6,045;-3,48957;1752,04
133,68601;2,2281;6,046;-3,48972;1752,55
133,78601;2,2296;6,050;-3,48991;1753,62
133,88601;2,2312;6,049;-3,48973;1753,45
133,98601;2,2331;6,051;-3,48988;1753,82
134,08601;2,2349;6,052;-3,48980;1754,29
134,18601;2,2364;6,053;-3,48954;1754,57
134,28601;2,2381;6,053;-3,48981;1754,62
134,38601;2,2396;6,054;-3,48989;1754,68
134,48601;2,2412;6,054;-3,48947;1754,82
134,58601;2,2429;6,055;-3,48983;1754,95
134,68601;2,2448;6,055;-3,49004;1755,03
134,78601;2,2464;6,056;-3,48959;1755,29
134,88601;2,2480;6,056;-3,48993;1755,41
134,98601;2,2497;6,058;-3,48986;1755,83
135,08601;2,2512;6,058;-3,48954;1755,82
135,18601;2,2529;6,060;-3,48984;1756,52
135,28601;2,2547;6,062;-3,48990;1757,06
135,38601;2,2565;6,062;-3,48972;1757,13
135,48601;2,2581;6,068;-3,48976;1758,76
135,58601;2,2597;6,068;-3,48983;1758,95
135,68601;2,2613;6,071;-3,48972;1759,59
135,78601;2,2629;6,074;-3,48989;1760,52
135,88601;2,2646;6,078;-3,48982;1761,66
135,98601;2,2665;6,084;-3,48975;1763,55
136,08601;2,2682;6,088;-3,48994;1764,52
136,18601;2,2698;6,094;-3,49000;1766,28
136,28601;2,2713;6,097;-3,48962;1767,35
136,38601;2,2729;6,102;-3,48970;1768,67
136,48601;2,2745;6,108;-3,49009;1770,55
136,58601;2,2764;6,114;-3,48975;1772,04
136,68601;2,2781;6,118;-3,48981;1773,43
136,78601;2,2797;6,122;-3,48997;1774,38
136,88601;2,2814;6,127;-3,48967;1775,90
136,98601;2,2831;6,133;-3,48994;1777,63
137,08601;2,2846;6,135;-3,49001;1778,39
137,18601;2,2863;6,142;-3,48974;1780,34
137,28601;2,2881;6,149;-3,48982;1782,46
137,38601;2,2898;6,153;-3,49000;1783,36
137,48601;2,2914;6,163;-3,48973;1786,49
137,58601;2,2930;6,173;-3,48985;1789,27
137,68601;2,2946;6,177;-3,49006;1790,45
137,78601;2,2961;6,184;-3,48964;1792,53
137,88601;2,2981;6,194;-3,48978;1795,48
137,98601;2,2998;6,198;-3,49023;1796,47
138,08601;2,3014;6,204;-3,48963;1798,17
138,18601;2,3030;6,210;-3,48978;1800,14
138,28601;2,3046;6,214;-3,49027;1801,23
138,38601;2,3062;6,216;-3,48962;1801,73
138,48601;2,3080;6,222;-3,48974;1803,54
138,58601;2,3099;6,228;-3,49013;1805,10
138,68601;2,3115;6,231;-3,48968;1805,99
138,78601;2,3130;6,236;-3,48970;1807,58
138,88601;2,3147;6,240;-3,49013;1808,67
138,98601;2,3162;6,246;-3,48961;1810,43
139,08601;2,3180;6,252;-3,48959;1812,26
139,18601;2,3198;6,265;-3,49011;1816,05
139,28601;2,3215;6,270;-3,48962;1817,40
139,38601;2,3230;6,281;-3,48984;1820,47
139,48601;2,3248;6,288;-3,49019;1822,66
139,58601;2,3263;6,298;-3,48968;1825,48
139,68601;2,3279;6,303;-3,48970;1826,99
139,78601;2,3296;6,310;-3,49010;1829,11
139,88601;2,3315;6,321;-3,48973;1832,04
139,98601;2,3331;6,328;-3,48969;1834,08
140,08601;2,3347;6,332;-3,48986;1835,29
140,18601;2,3364;6,337;-3,49002;1836,84
140,28601;2,3379;6,340;-3,48994;1837,54
140,38601;2,3396;6,343;-3,48983;1838,63
140,48601;2,3414;6,345;-3,48991;1839,16
140,58601;2,3432;6,350;-3,49004;1840,57
140,68601;2,3447;6,354;-3,48985;1841,75
140,78601;2,3464;6,356;-3,48982;1842,34
140,88601;2,3479;6,361;-3,48992;1843,82
140,98601;2,3495;6,362;-3,48987;1844,19
141,08601;2,3514;6,366;-3,48993;1845,29
141,18601;2,3532;6,371;-3,48992;1846,54
141,28601;2,3548;6,374;-3,48996;1847,47
141,38601;2,3564;6,377;-3,49004;1848,48
141,48601;2,3579;6,379;-3,48996;1848,95
141,58601;2,3595;6,385;-3,49007;1850,65
141,68601;2,3613;6,388;-3,49015;1851,48
141,78601;2,3631;6,392;-3,48995;1852,81
141,88601;2,3648;6,395;-3,48996;1853,69
141,98601;2,3664;6,400;-3,49013;1855,14
142,08601;2,3680;6,404;-3,49005;1856,36
142,18601;2,3696;6,406;-3,48991;1856,74
142,28601;2,3712;6,407;-3,48990;1857,17
142,38601;2,3730;6,411;-3,48998;1858,23
142,48601;2,3748;6,413;-3,48995;1858,82
142,58601;2,3764;6,417;-3,48986;1859,87
142,68601;2,3781;6,419;-3,48989;1860,51
142,78601;2,3797;6,420;-3,48989;1860,73
142,88601;2,3813;6,422;-3,49011;1861,33
142,98601;2,3830;6,423;-3,48992;1861,66
143,08601;2,3848;6,424;-3,48995;1862,15
143,18601;2,3865;6,427;-3,49012;1862,80
143,28601;2,3881;6,428;-3,49004;1863,23
143,38601;2,3897;6,433;-3,48996;1864,62
143,48601;2,3912;6,434;-3,49011;1864,96
143,58601;2,3929;6,437;-3,48989;1865,93
143,68601;2,3947;6,443;-3,48996;1867,48
143,78601;2,3965;6,445;-3,49000;1868,24
143,88601;2,3981;6,450;-3,48991;1869,55
143,98601;2,3997;6,454;-3,48993;1870,85
144,08601;2,4014;6,457;-3,48997;1871,47
144,18601;2,4029;6,460;-3,48989;1872,57
144,28601;2,4047;6,463;-3,49013;1873,41
144,38601;2,4065;6,467;-3,49010;1874,43
144,48601;2,4081;6,469;-3,48972;1875,17
144,58601;2,4097;6,470;-3,49003;1875,36
144,68601;2,4114;6,472;-3,49034;1875,99
144,78601;2,4130;6,474;-3,49000;1876,50
144,88601;2,4146;6,476;-3,49000;1876,98
144,98601;2,4164;6,478;-3,49024;1877,81
145,08601;2,4181;6,481;-3,49008;1878,66
145,18601;2,4198;6,484;-3,49008;1879,50
145,28601;2,4214;6,487;-3,49004;1880,32
145,38601;2,4230;6,490;-3,48999;1881,14
145,48601;2,4245;6,494;-3,48992;1882,28
145,58601;2,4263;6,499;-3,49004;1883,74
145,68601;2,4282;6,504;-3,49004;1885,14
145,78601;2,4298;6,507;-3,48998;1886,18
145,88601;2,4313;6,514;-3,49003;1888,23
145,98601;2,4331;6,520;-3,48992;1889,79
146,08601;2,4346;6,524;-3,49006;1890,91
146,18601;2,4363;6,528;-3,49022;1892,29
146,28601;2,4381;6,534;-3,48992;1893,81
146,38601;2,4398;6,538;-3,48992;1895,01
146,48601;2,4414;6,541;-3,49018;1895,97
146,58601;2,4430;6,544;-3,49010;1896,79
146,68601;2,4446;6,549;-3,48991;1898,39
146,78601;2,4462;6,552;-3,49011;1899,03
146,88601;2,4480;6,556;-3,49007;1900,36
146,98601;2,4498;6,561;-3,49000;1901,82
147,08601;2,4514;6,566;-3,48993;1903,15
147,18601;2,4531;6,571;-3,49003;1904,60
147,28601;2,4547;6,578;-3,48995;1906,69
147,38601;2,4563;6,583;-3,48997;1908,11
147,48601;2,4579;6,592;-3,49005;1910,58
147,58601;2,4598;6,600;-3,49003;1912,90
147,68601;2,4615;6,606;-3,49005;1914,80
147,78601;2,4630;6,612;-3,49014;1916,49
147,88601;2,4647;6,622;-3,49009;1919,32
147,98601;2,4662;6,628;-3,49010;1921,01
148,08601;2,4678;6,635;-3,49010;1923,10
148,18601;2,4697;6,647;-3,48997;1926,80
148,28601;2,4715;6,654;-3,49018;1928,82
148,38601;2,4731;6,659;-3,49027;1930,19
148,48601;2,4748;6,667;-3,48987;1932,33
148,58601;2,4763;6,672;-3,48993;1933,90
148,68601;2,4779;6,675;-3,49028;1934,78
148,78601;2,4796;6,677;-3,49011;1935,47
148,88601;2,4815;6,680;-3,48998;1936,17
148,98601;2,4831;6,683;-3,49015;1937,18
149,08601;2,4847;6,685;-3,49009;1937,69
149,18601;2,4864;6,686;-3,48997;1937,97
149,28601;2,4879;6,689;-3,49025;1938,74
149,38601;2,4895;6,689;-3,49000;1938,92
149,48601;2,4914;6,691;-3,48997;1939,45
149,58601;2,4931;6,692;-3,49021;1939,75
149,68601;2,4947;6,695;-3,49009;1940,71
149,78601;2,4964;6,697;-3,49001;1941,29
149,88601;2,4980;6,701;-3,49021;1942,33
149,98601;2,4996;6,703;-3,49005;1942,81
150,08601;2,5013;6,708;-3,48988;1944,43
150,18601;2,5032;6,710;-3,49042;1944,82
150,28601;2,5048;6,715;-3,49004;1946,38
150,38601;2,5065;6,719;-3,48975;1947,60
150,48601;2,5081;6,725;-3,49031;1949,22
150,58601;2,5096;6,732;-3,49022;1951,41
150,68601;2,5112;6,736;-3,48996;1952,49
150,78601;2,5130;6,740;-3,49024;1953,68
150,88601;2,5148;6,748;-3,49002;1955,86
150,98601;2,5164;6,753;-3,49009;1957,43
151,08601;2,5180;6,759;-3,49025;1959,19
151,18601;2,5197;6,763;-3,48999;1960,35
151,28601;2,5212;6,769;-3,49004;1962,00
151,38601;2,5230;6,774;-3,49034;1963,40
151,48601;2,5248;6,779;-3,49002;1964,85
151,58601;2,5265;6,783;-3,48998;1966,23
151,68601;2,5281;6,790;-3,49020;1968,23
151,78601;2,5297;6,794;-3,49001;1969,38
151,88601;2,5313;6,802;-3,48998;1971,68
151,98601;2,5329;6,805;-3,49039;1972,44
152,08601;2,5347;6,815;-3,49000;1975,29
152,18601;2,5365;6,821;-3,49002;1976,97
152,28601;2,5381;6,826;-3,49022;1978,63
152,38601;2,5397;6,835;-3,49008;1981,28
152,48601;2,5414;6,841;-3,49010;1982,98
152,58601;2,5429;6,849;-3,49010;1985,19
152,68601;2,5446;6,853;-3,48996;1986,34
152,78601;2,5465;6,858;-3,49023;1987,71
152,88601;2,5482;6,862;-3,49026;1988,97
152,98601;2,5497;6,863;-3,49001;1989,39
153,08601;2,5514;6,867;-3,49007;1990,47
153,18601;2,5529;6,868;-3,49019;1990,71
153,28601;2,5546;6,870;-3,49006;1991,20
153,38601;2,5565;6,871;-3,49017;1991,67
153,48601;2,5582;6,873;-3,49007;1992,10
153,58601;2,5597;6,876;-3,49001;1992,95
153,68601;2,5613;6,876;-3,49028;1993,06
153,78601;2,5629;6,879;-3,49010;1993,92
153,88601;2,5645;6,885;-3,49010;1995,57
153,98601;2,5663;6,888;-3,49025;1996,55
154,08601;2,5682;6,893;-3,49000;1997,89
154,18601;2,5698;6,900;-3,49018;1999,94
154,28601;2,5714;6,906;-3,49031;2001,64
154,38601;2,5731;6,910;-3,49014;2002,78
154,48601;2,5746;6,914;-3,49004;2004,10
154,58601;2,5762;6,918;-3,49029;2005,11
154,68601;2,5781;6,925;-3,49034;2007,29
154,78601;2,5798;6,930;-3,49004;2008,66
154,88601;2,5814;6,930;-3,49010;2008,84
154,98601;2,5830;6,934;-3,49028;2009,83
155,08601;2,5846;6,936;-3,49020;2010,35
155,18601;2,5862;6,938;-3,49029;2011,00
155,28601;2,5880;6,940;-3,49012;2011,71
155,38601;2,5899;6,943;-3,49012;2012,50
155,48601;2,5914;6,947;-3,49034;2013,74
155,58601;2,5931;6,948;-3,49016;2013,79
155,68601;2,5946;6,950;-3,49010;2014,63
155,78601;2,5962;6,954;-3,49039;2015,73
155,88601;2,5979;6,955;-3,49010;2015,99
155,98601;2,5998;6,958;-3,49013;2016,87
156,08601;2,6015;6,962;-3,49032;2017,83
156,18601;2,6030;6,964;-3,49006;2018,53
156,28601;2,6047;6,967;-3,49003;2019,42
156,38601;2,6063;6,970;-3,49030;2020,34
156,48601;2,6079;6,971;-3,49025;2020,72
156,58601;2,6097;6,976;-3,49007;2021,94
156,68601;2,6115;6,977;-3,49017;2022,23
156,78601;2,6131;6,980;-3,49023;2023,28
156,88601;2,6147;6,983;-3,49018;2024,02
156,98601;2,6164;6,986;-3,49044;2024,78
157,08601;2,6179;6,987;-3,49008;2025,12
157,18601;2,6196;6,991;-3,49015;2026,43
157,28601;2,6215;6,993;-3,49047;2026,95
157,38601;2,6231;6,996;-3,49022;2027,93
157,48601;2,6247;6,998;-3,49020;2028,44
157,58601;2,6264;7,000;-3,49048;2028,87
157,68601;2,6280;7,002;-3,49030;2029,57
157,78601;2,6295;7,007;-3,49035;2030,90
157,88601;2,6314;7,009;-3,49031;2031,45
157,98601;2,6331;7,013;-3,49008;2032,80
158,08601;2,6347;7,017;-3,49024;2033,79
158,18601;2,6363;7,022;-3,49011;2035,42
158,28601;2,6380;7,026;-3,49013;2036,65
158,38601;2,6396;7,030;-3,49033;2037,69
158,48601;2,6413;7,035;-3,49008;2039,21
158,58601;2,6431;7,040;-3,48997;2040,57
158,68601;2,6448;7,047;-3,49041;2042,66
158,78601;2,6464;7,055;-3,49045;2044,79
158,88601;2,6480;7,061;-3,49001;2046,74
158,98601;2,6496;7,066;-3,49039;2048,14
159,08601;2,6512;7,071;-3,49034;2049,47
159,18601;2,6531;7,076;-3,49011;2051,12
159,28601;2,6548;7,079;-3,49024;2051,77
159,38601;2,6564;7,086;-3,49027;2054,01
159,48601;2,6580;7,091;-3,49020;2055,22
159,58601;2,6596;7,096;-3,49046;2056,79
159,68601;2,6612;7,098;-3,49017;2057,35
159,78601;2,6630;7,102;-3,49011;2058,68
159,88601;2,6648;7,109;-3,49040;2060,63
159,98601;2,6665;7,112;-3,49012;2061,43
160,08601;2,6680;7,121;-3,49021;2064,10
160,18601;2,6697;7,124;-3,49057;2065,07
160,28601;2,6712;7,129;-3,49005;2066,51
160,38601;2,6730;7,137;-3,49030;2068,56
160,48601;2,6748;7,145;-3,49043;2071,07
160,58601;2,6765;7,148;-3,49024;2072,01
160,68601;2,6780;7,155;-3,49040;2073,92
160,78601;2,6797;7,163;-3,49034;2076,17
160,88601;2,6813;7,166;-3,49026;2077,22
160,98601;2,6828;7,175;-3,49038;2079,59
161,08601;2,6846;7,180;-3,49035;2081,06
161,18601;2,6865;7,185;-3,48997;2082,47
161,28601;2,6881;7,190;-3,49026;2083,92
161,38601;2,6897;7,196;-3,49049;2085,89
161,48601;2,6914;7,201;-3,49014;2087,21
161,58601;2,6929;7,204;-3,49005;2088,21
161,68601;2,6946;7,207;-3,49057;2089,01
161,78601;2,6964;7,212;-3,49012;2090,43
161,88601;2,6982;7,216;-3,49006;2091,53
161,98601;2,6997;7,220;-3,49060;2092,70
162,08601;2,7014;7,222;-3,49019;2093,42
162,18601;2,7029;7,225;-3,49023;2094,34
162,28601;2,7045;7,229;-3,49074;2095,36
162,38601;2,7063;7,234;-3,49025;2096,92
162,48601;2,7082;7,240;-3,49010;2098,57
162,58601;2,7097;7,242;-3,49052;2099,26
162,68601;2,7114;7,250;-3,49007;2101,38
162,78601;2,7130;7,255;-3,49009;2102,91
162,88601;2,7146;7,260;-3,49056;2104,44
162,98601;2,7162;7,268;-3,49002;2106,70
163,08601;2,7182;7,277;-3,49013;2109,29
163,18601;2,7198;7,280;-3,49076;2110,29
163,28601;2,7214;7,286;-3,49024;2112,02
163,38601;2,7230;7,291;-3,49004;2113,22
163,48601;2,7246;7,296;-3,49026;2114,73
163,58601;2,7262;7,299;-3,49034;2115,77
163,68601;2,7280;7,304;-3,49006;2117,05
163,78601;2,7298;7,306;-3,49045;2117,72
163,88601;2,7314;7,311;-3,49041;2119,20
163,98601;2,7331;7,313;-3,49031;2119,64
164,08601;2,7347;7,315;-3,49035;2120,37
164,18601;2,7363;7,316;-3,49039;2120,56
164,28601;2,7379;7,318;-3,49015;2121,09
164,38601;2,7398;7,318;-3,49010;2121,15
164,48601;2,7415;7,320;-3,49021;2121,73
164,58601;2,7431;7,321;-3,49034;2121,98
164,68601;2,7447;7,320;-3,49034;2121,84
164,78601;2,7464;7,322;-3,49007;2122,18
164,88601;2,7479;7,322;-3,49037;2122,32
164,98601;2,7497;7,323;-3,49018;2122,52
165,08601;2,7515;7,323;-3,49030;2122,50
165,18601;2,7531;7,323;-3,49034;2122,68
165,28601;2,7547;7,324;-3,49009;2122,81
165,38601;2,7563;7,324;-3,49028;2123,04
165,48601;2,7579;7,325;-3,49070;2123,16
165,58601;2,7597;7,326;-3,49038;2123,45
165,68601;2,7615;7,328;-3,49019;2123,98
165,78601;2,7632;7,328;-3,49051;2124,06
165,88601;2,7647;7,329;-3,49049;2124,40
165,98601;2,7664;7,332;-3,49026;2125,13
166,08601;2,7679;7,334;-3,49056;2125,87
166,18601;2,7695;7,335;-3,49049;2126,21
166,28601;2,7714;7,338;-3,49028;2126,81
166,38601;2,7732;7,340;-3,49050;2127,62
166,48601;2,7747;7,342;-3,49044;2128,01
166,58601;2,7764;7,344;-3,49034;2128,62
166,68601;2,7780;7,346;-3,49030;2129,27
166,78601;2,7795;7,348;-3,49052;2129,80
166,88601;2,7813;7,352;-3,49054;2131,11
166,98601;2,7832;7,356;-3,49045;2132,04
167,08601;2,7848;7,360;-3,49029;2133,28
167,18601;2,7864;7,363;-3,49058;2134,31
167,28601;2,7881;7,371;-3,49057;2136,43
167,38601;2,7896;7,377;-3,49038;2138,25
167,48601;2,7913;7,379;-3,49033;2138,80
167,58601;2,7931;7,387;-3,49049;2141,22
167,68601;2,7949;7,397;-3,49022;2144,14
167,78601;2,7964;7,399;-3,49039;2144,61
167,88601;2,7981;7,407;-3,49039;2146,98
167,98601;2,7996;7,411;-3,49008;2148,09
168,08601;2,8011;7,419;-3,49041;2150,50
168,18601;2,8029;7,423;-3,49037;2151,66
168,28601;2,8048;7,428;-3,49010;2152,95
168,38601;2,8064;7,431;-3,49027;2154,01
168,48601;2,8081;7,434;-3,49029;2154,82
168,58601;2,8097;7,437;-3,49028;2155,78
168,68601;2,8112;7,442;-3,49025;2157,11
168,78601;2,8129;7,444;-3,49039;2157,60
168,88601;2,8148;7,451;-3,49017;2159,85
168,98601;2,8165;7,454;-3,49043;2160,67
169,08601;2,8181;7,465;-3,49068;2163,63
169,18601;2,8197;7,472;-3,49038;2165,93
169,28601;2,8213;7,478;-3,49031;2167,57
169,38601;2,8229;7,482;-3,49037;2168,76
169,48601;2,8247;7,492;-3,49049;2171,58
169,58601;2,8265;7,502;-3,49054;2174,57
169,68601;2,8280;7,513;-3,49042;2177,69
169,78601;2,8298;7,520;-3,49044;2179,80
169,88601;2,8314;7,528;-3,49062;2182,06
169,98601;2,8329;7,532;-3,49065;2183,26
170,08601;2,8346;7,540;-3,49039;2185,46
170,18601;2,8365;7,548;-3,49069;2187,71
170,28601;2,8381;7,554;-3,49033;2189,45
170,38601;2,8397;7,560;-3,49041;2191,44
170,48601;2,8413;7,563;-3,49058;2192,27
170,58601;2,8429;7,567;-3,49046;2193,42
170,68601;2,8445;7,573;-3,49027;2195,21
170,78601;2,8464;7,578;-3,49056;2196,44
170,88601;2,8481;7,582;-3,49032;2197,62
170,98601;2,8497;7,586;-3,49045;2198,77
171,08601;2,8514;7,590;-3,49037;2199,97
171,18601;2,8529;7,594;-3,49013;2201,14
171,28601;2,8545;7,599;-3,49053;2202,69
171,38601;2,8563;7,601;-3,49051;2203,21
171,48601;2,8582;7,606;-3,49048;2204,56
171,58601;2,8598;7,610;-3,49042;2205,92
171,68601;2,8614;7,614;-3,49065;2207,00
171,78601;2,8631;7,616;-3,49042;2207,66
171,88601;2,8646;7,621;-3,49063;2209,01
171,98601;2,8662;7,623;-3,49084;2209,42
172,08601;2,8680;7,626;-3,49049;2210,36
172,18601;2,8698;7,629;-3,49077;2211,29
172,28601;2,8714;7,631;-3,49097;2211,92
172,38601;2,8730;7,634;-3,49057;2212,87
172,48601;2,8746;7,637;-3,49064;2213,64
172,58601;2,8762;7,639;-3,49087;2214,11
172,68601;2,8780;7,644;-3,49034;2215,68
172,78601;2,8798;7,646;-3,49058;2216,33
172,88601;2,8815;7,650;-3,49078;2217,53
172,98601;2,8831;7,653;-3,49017;2218,35
173,08601;2,8847;7,656;-3,49043;2219,10
173,18601;2,8862;7,659;-3,49090;2220,13
173,28601;2,8879;7,664;-3,49036;2221,42
173,38601;2,8898;7,669;-3,49008;2222,81
173,48601;2,8915;7,673;-3,49072;2224,09
173,58601;2,8931;7,675;-3,49060;2224,67
173,68601;2,8946;7,679;-3,49042;2225,87
173,78601;2,8963;7,684;-3,49078;2227,18
173,88601;2,8978;7,687;-3,49072;2228,00
173,98601;2,8996;7,696;-3,49039;2230,87
174,08601;2,9015;7,700;-3,49076;2231,82
174,18601;2,9031;7,705;-3,49058;2233,32
174,28601;2,9047;7,711;-3,49018;2235,01
174,38601;2,9064;7,713;-3,49071;2235,53
174,48601;2,9079;7,719;-3,49053;2237,40
174,58601;2,9096;7,721;-3,49028;2237,92
174,68601;2,9115;7,725;-3,49077;2239,06
174,78601;2,9131;7,728;-3,49063;2239,90
174,88601;2,9147;7,730;-3,49032;2240,59
174,98601;2,9164;7,734;-3,49100;2241,78
175,08601;2,9180;7,735;-3,49083;2242,12
175,18601;2,9195;7,737;-3,49036;2242,56
175,28601;2,9214;7,738;-3,49085;2243,03
175,38601;2,9232;7,741;-3,49100;2243,68
175,48601;2,9248;7,742;-3,49037;2244,17
175,58601;2,9264;7,744;-3,49074;2244,54
175,68601;2,9280;7,746;-3,49091;2245,32
175,78601;2,9295;7,750;-3,49061;2246,26
175,88601;2,9313;7,752;-3,49073;2246,98
175,98601;2,9331;7,755;-3,49077;2247,96
176,08601;2,9348;7,760;-3,49037;2249,21
176,18601;2,9364;7,739;-3,49080;2243,24
176,28601;2,9381;7,741;-3,49087;2243,75
176,38601;2,9396;7,744;-3,49047;2244,51
176,48601;2,9412;7,745;-3,49080;2245,00
176,58601;2,9431;7,749;-3,49077;2245,98
176,68601;2,9449;7,752;-3,49049;2247,05
176,78601;2,9464;7,756;-3,49078;2248,01
176,88601;2,9480;7,758;-3,49082;2248,72
176,98601;2,9496;7,761;-3,49047;2249,61
177,08601;2,9512;7,765;-3,49056;2250,61
177,18601;2,9529;7,769;-3,49089;2251,81
177,28601;2,9548;7,774;-3,49068;2253,20
177,38601;2,9564;7,777;-3,49063;2254,12
177,48601;2,9580;7,780;-3,49076;2254,96
177,58601;2,9597;7,784;-3,49067;2256,34
177,68601;2,9613;7,788;-3,49073;2257,41
177,78601;2,9629;7,792;-3,49067;2258,69
177,88601;2,9647;7,796;-3,49052;2259,73
177,98601;2,9665;7,802;-3,49062;2261,32
178,08601;2,9681;7,803;-3,49067;2261,86
178,18601;2,9697;7,807;-3,49038;2262,89
178,28601;2,9713;7,814;-3,49042;2264,95
178,38601;2,9729;7,814;-3,49064;2264,92
178,48601;2,9746;7,818;-3,49047;2266,20
178,58601;2,9765;7,822;-3,49037;2267,33
178,68601;2,9782;7,827;-3,49049;2268,56
178,78601;2,9798;7,829;-3,49046;2269,40
178,88601;2,9814;7,831;-3,49040;2269,98
178,98601;2,9830;7,835;-3,49033;2271,01
179,08601;2,9845;7,838;-3,49040;2271,80
179,18601;2,9864;7,840;-3,49054;2272,57
179,28601;2,9882;7,844;-3,49023;2273,50
179,38601;2,9897;7,847;-3,49064;2274,55
179,48601;2,9913;7,852;-3,49061;2275,80
179,58601;2,9929;7,856;-3,49010;2277,00
179,68601;2,9946;7,862;-3,49028;2278,82
179,78601;2,9963;7,865;-3,49072;2279,81
179,88601;2,9981;7,871;-3,49034;2281,44
179,98601;2,9998;7,876;-3,49032;2282,80
180,08601;3,0014;7,879;-3,49047;2283,73
180,18601;3,0031;7,882;-3,49016;2284,60
180,28601;3,0046;7,888;-3,49019;2286,42
180,38601;3,0062;7,893;-3,49050;2287,83
180,48601;3,0082;7,896;-3,48994;2288,56
180,58601;3,0099;7,900;-3,49012;2289,78
180,68601;3,0114;7,901;-3,49050;2290,10
180,78601;3,0130;7,907;-3,49024;2291,77
180,88601;3,0147;7,910;-3,49037;2292,63
180,98601;3,0162;7,911;-3,49054;2292,98
181,08601;3,0180;7,916;-3,49033;2294,47
181,18601;3,0198;7,920;-3,49042;2295,66
181,28601;3,0215;7,921;-3,49060;2295,80
181,38601;3,0230;7,924;-3,49039;2296,95
181,48601;3,0248;7,928;-3,49044;2297,86
181,58601;3,0262;7,930;-3,49059;2298,62
181,68601;3,0279;7,931;-3,49041;2298,81
181,78601;3,0298;7,935;-3,49050;2299,94
181,88601;3,0315;7,937;-3,49052;2300,60
181,98601;3,0330;7,940;-3,49028;2301,35
182,08601;3,0348;7,942;-3,49062;2301,92
182,18601;3,0363;7,946;-3,49067;2303,18
182,28601;3,0378;7,947;-3,49025;2303,55
182,38601;3,0396;7,952;-3,49042;2304,98
182,48601;3,0415;7,956;-3,49088;2306,09
182,58601;3,0431;7,958;-3,49034;2306,60
182,68601;3,0447;7,963;-3,49045;2308,00
182,78601;3,0464;7,967;-3,49078;2309,17
182,88601;3,0478;7,970;-3,49037;2310,18
182,98601;3,0496;7,973;-3,49040;2310,97
183,08601;3,0515;7,978;-3,49070;2312,37
183,18601;3,0532;7,982;-3,49052;2313,77
183,28601;3,0547;7,987;-3,49048;2314,93
183,38601;3,0564;7,991;-3,49067;2316,30
183,48601;3,0579;7,997;-3,49052;2317,88
183,58601;3,0595;7,998;-3,49065;2318,27
183,68601;3,0614;8,004;-3,49050;2319,86
183,78601;3,0632;8,009;-3,49043;2321,52
183,88601;3,0647;8,013;-3,49060;2322,49
183,98601;3,0664;8,019;-3,49056;2324,23
184,08601;3,0680;8,024;-3,49041;2325,71
184,18601;3,0695;8,030;-3,49043;2327,59
184,28601;3,0712;8,037;-3,49056;2329,61
184,38601;3,0731;8,043;-3,49040;2331,32
184,48601;3,0748;8,051;-3,49051;2333,63
184,58601;3,0764;8,056;-3,49033;2335,17
184,68601;3,0780;8,063;-3,49028;2337,08
184,78601;3,0797;8,069;-3,49078;2338,93
184,88601;3,0813;8,074;-3,49039;2340,26
184,98601;3,0830;8,079;-3,49034;2341,88
185,08601;3,0848;8,082;-3,49070;2342,69
185,18601;3,0864;8,086;-3,49051;2343,78
185,28601;3,0881;8,087;-3,49038;2344,18
185,38601;3,0896;8,091;-3,49071;2345,23
185,48601;3,0912;8,094;-3,49071;2345,99
185,58601;3,0929;8,098;-3,49043;2347,30
185,68601;3,0949;8,103;-3,49061;2348,64
185,78601;3,0965;8,108;-3,49081;2350,22
185,88601;3,0981;8,112;-3,49043;2351,19
185,98601;3,0997;8,116;-3,49045;2352,35
186,08601;3,1012;8,120;-3,49055;2353,69
186,18601;3,1029;8,123;-3,49061;2354,37
186,28601;3,1047;8,131;-3,49049;2356,92
186,38601;3,1065;8,137;-3,49055;2358,60
186,48601;3,1081;8,145;-3,49054;2360,94
186,58601;3,1097;8,153;-3,49063;2363,33
186,68601;3,1113;8,157;-3,49064;2364,35
186,78601;3,1129;8,161;-3,49050;2365,43
186,88601;3,1147;8,169;-3,49046;2367,72
186,98601;3,1165;8,173;-3,49078;2369,03
187,08601;3,1181;8,178;-3,49043;2370,37
187,18601;3,1197;8,183;-3,49059;2371,96
187,28601;3,1214;8,189;-3,49064;2373,59
187,38601;3,1230;8,189;-3,49061;2373,76
187,48601;3,1246;8,192;-3,49046;2374,63
187,58601;3,1264;8,193;-3,49068;2374,91
187,68601;3,1282;8,201;-3,49064;2377,23
187,78601;3,1298;8,203;-3,49040;2377,62
187,88601;3,1314;8,204;-3,49047;2377,91
187,98601;3,1330;8,206;-3,49077;2378,63
188,08601;3,1345;8,207;-3,49055;2378,78
188,18601;3,1363;8,212;-3,49050;2380,26
188,28601;3,1381;8,213;-3,49057;2380,60
188,38601;3,1398;8,216;-3,49062;2381,38
188,48601;3,1414;8,217;-3,49057;2381,82
188,58601;3,1430;8,219;-3,49058;2382,35
188,68601;3,1446;8,221;-3,49045;2382,87
188,78601;3,1462;8,222;-3,49067;2383,17
188,88601;3,1481;8,223;-3,49068;2383,47
188,98601;3,1498;8,225;-3,49053;2383,98
189,08601;3,1514;8,225;-3,49058;2384,08
189,18601;3,1531;8,226;-3,49072;2384,31
189,28601;3,1546;8,227;-3,49053;2384,56
189,38601;3,1562;8,227;-3,49068;2384,72
189,48601;3,1579;8,228;-3,49068;2385,01
189,58601;3,1598;8,229;-3,49075;2385,20
189,68601;3,1614;8,230;-3,49065;2385,56
189,78601;3,1630;8,230;-3,49063;2385,63
189,88601;3,1647;8,231;-3,49081;2385,79
189,98601;3,1662;8,232;-3,49060;2386,07
190,08601;3,1679;8,233;-3,49058;2386,27
190,18601;3,1698;8,234;-3,49081;2386,62
190,28601;3,1715;8,235;-3,49073;2386,99
190,38601;3,1730;8,237;-3,49052;2387,59
190,48601;3,1747;8,238;-3,49057;2387,90
190,58601;3,1762;8,239;-3,49069;2388,01
190,68601;3,1779;8,241;-3,49071;2388,74
190,78601;3,1797;8,244;-3,49059;2389,69
190,88601;3,1815;8,246;-3,49059;2390,29
190,98601;3,1830;8,251;-3,49071;2391,69
191,08601;3,1847;8,255;-3,49064;2392,77
191,18601;3,1863;8,256;-3,49062;2393,03
191,28601;3,1879;8,260;-3,49058;2394,18
191,38601;3,1896;8,262;-3,49077;2394,79
191,48601;3,1914;8,268;-3,49055;2396,64
191,58601;3,1931;8,272;-3,49057;2397,54
191,68601;3,1948;8,276;-3,49079;2398,98
191,78601;3,1964;8,280;-3,49054;2400,14
191,88601;3,1980;8,283;-3,49033;2400,99
191,98601;3,1996;8,287;-3,49066;2402,00
192,08601;3,2014;8,291;-3,49070;2403,14
192,18601;3,2031;8,296;-3,49050;2404,59
192,28601;3,2047;8,298;-3,49063;2405,30
192,38601;3,2064;8,302;-3,49070;2406,42
192,48601;3,2079;8,302;-3,49067;2406,35
192,58601;3,2095;8,306;-3,49070;2407,52
192,68601;3,2113;8,307;-3,49054;2407,97
192,78601;3,2132;8,313;-3,49060;2409,60
192,88601;3,2148;8,317;-3,49070;2410,61
192,98601;3,2164;8,319;-3,49063;2411,42
193,08601;3,2180;8,323;-3,49047;2412,54
193,18601;3,2196;8,326;-3,49071;2413,38
193,28601;3,2212;8,329;-3,49070;2414,07
193,38601;3,2230;8,335;-3,49050;2415,83
193,48601;3,2249;8,337;-3,49072;2416,45
193,58601;3,2265;8,342;-3,49079;2417,90
193,68601;3,2280;8,344;-3,49043;2418,69
193,78601;3,2296;8,347;-3,49066;2419,53
193,88601;3,2312;8,352;-3,49064;2420,91
193,98601;3,2330;8,358;-3,49060;2422,62
194,08601;3,2348;8,363;-3,49049;2423,94
194,18601;3,2364;8,368;-3,49069;2425,62
194,28601;3,2381;8,372;-3,49083;2426,71
194,38601;3,2397;8,377;-3,49061;2428,24
194,48601;3,2413;8,380;-3,49066;2429,08
194,58601;3,2429;8,382;-3,49061;2429,68
194,68601;3,2448;8,389;-3,49066;2431,66
194,78601;3,2465;8,394;-3,49069;2433,03
194,88601;3,2481;8,400;-3,49060;2434,90
194,98601;3,2497;8,404;-3,49057;2436,03
195,08601;3,2514;8,409;-3,49077;2437,42
195,18601;3,2528;8,417;-3,49067;2439,76
195,28601;3,2546;8,421;-3,49064;2440,79
195,38601;3,2564;8,424;-3,49071;2441,86
195,48601;3,2581;8,431;-3,49064;2443,87
195,58601;3,2597;8,439;-3,49068;2446,07
195,68601;3,2614;8,444;-3,49069;2447,67
195,78601;3,2629;8,448;-3,49077;2448,64
195,88601;3,2646;8,451;-3,49057;2449,64
195,98601;3,2665;8,456;-3,49057;2451,15
196,08601;3,2682;8,462;-3,49081;2452,80
196,18601;3,2697;8,466;-3,49074;2453,94
196,28601;3,2714;8,468;-3,49062;2454,58
196,38601;3,2730;8,472;-3,49057;2455,69
196,48601;3,2746;8,473;-3,49066;2455,84
196,58601;3,2763;8,477;-3,49065;2457,16
196,68601;3,2781;8,480;-3,49058;2457,95
196,78601;3,2798;8,483;-3,49054;2458,95
196,88601;3,2813;8,485;-3,49063;2459,42
196,98601;3,2830;8,488;-3,49065;2460,38
197,08601;3,2845;8,492;-3,49048;2461,49
197,18601;3,2863;8,494;-3,49055;2461,95
197,28601;3,2881;8,499;-3,49057;2463,46
197,38601;3,2898;8,503;-3,49061;2464,54
197,48601;3,2914;8,507;-3,49060;2465,84
197,58601;3,2931;8,512;-3,49056;2467,30
197,68601;3,2946;8,515;-3,49050;2468,10
197,78601;3,2962;8,517;-3,49056;2468,71
197,87401;3,2978;8,112;-3,49053;2351,23
197,87801;3,2981;7,414;-3,48970;2148,91
197,88001;3,2981;6,993;-3,48909;2026,97
197,88201;3,2982;6,538;-3,48852;1895,18
